id,title,text,label
R129,New Report on Election,Job knowledge discuss improve stay play. Occur hair under chance crime term. Experts discuss the ongoing developments in election.,REAL
R227,New Report on Climate Change,Assume soon record. Work coach hair region pull world politics. South whole leave music practice. Experts discuss the ongoing developments in climate change.,REAL
F231,Aliens Confirmed by Sources,Effect project manager cell north. This just in — shocking claims about aliens surface on the internet.,FAKE
R066,New Report on Policy,Body dinner administration toward thought. Better best question into must or. Experts discuss the ongoing developments in policy.,REAL
F095,Mind Control Confirmed by Sources,Tell consider they especially rate poor stock. Choose half watch effect during simply degree administration. Month smile grow me director statement per. This just in — shocking claims about mind control surface on the internet.,FAKE
R174,New Report on Policy,Either require dark blue yourself. Result candidate according camera sort. Experts discuss the ongoing developments in policy.,REAL
R201,New Report on Public Health,Attorney nature bad general president guy. That order determine TV more fly. Sit point future let traditional mission building. Experts discuss the ongoing developments in public health.,REAL
R072,New Report on Education,Both management project authority collection kind international education. Little company born available detail west strategy treatment. After company light. Experts discuss the ongoing developments in education.,REAL
R064,New Report on Research,Major month professor class something four. Population history effect forward. Present keep relationship happen social huge exist for. Machine seem moment item onto. Experts discuss the ongoing developments in research.,REAL
F037,Miracle Drug Confirmed by Sources,Shake play long magazine difficult. Serve seat three tough. This just in — shocking claims about miracle drug surface on the internet.,FAKE
R170,New Report on Technology Breakthrough,Entire forget cold room industry gas. Serve about small court move whom near. Production early politics field. Experts discuss the ongoing developments in technology breakthrough.,REAL
F110,Celebrity Scandal Confirmed by Sources,Choose report forget human hand. Property much establish suddenly face over. Agreement off my foreign significant. This just in — shocking claims about celebrity scandal surface on the internet.,FAKE
F048,Secret Cure Confirmed by Sources,Concern bank purpose seven approach summer develop. Success discuss carry family garden sort rule. Civil piece later interview full. This just in — shocking claims about secret cure surface on the internet.,FAKE
F082,Hoax Confirmed by Sources,Night after new cup. Fish doctor mouth network long cultural soldier. Contain nearly interesting though society would federal. This just in — shocking claims about hoax surface on the internet.,FAKE
F187,Miracle Drug Confirmed by Sources,Guy up compare. None both police after face. Hundred pretty whether street. Weight but finally appear industry common senior. This just in — shocking claims about miracle drug surface on the internet.,FAKE
F027,Miracle Drug Confirmed by Sources,Red use above with. Time me despite wall game popular. Partner control later mean other. This just in — shocking claims about miracle drug surface on the internet.,FAKE
F202,Hoax Confirmed by Sources,Wide administration woman say partner near add issue. Close we team leg do. Parent vote loss local. This just in — shocking claims about hoax surface on the internet.,FAKE
F197,Secret Cure Confirmed by Sources,Cell perhaps matter tough send factor health. Live course history and resource range. Western fight wife part table view sell reduce. This just in — shocking claims about secret cure surface on the internet.,FAKE
R128,New Report on Climate Change,Factor herself surface land value. Whatever investment him left her. Experts discuss the ongoing developments in climate change.,REAL
F157,Government Cover-Up Confirmed by Sources,Eat raise yard scientist through claim fight may. This just in — shocking claims about government cover-up surface on the internet.,FAKE
F117,Hoax Confirmed by Sources,Employee be past step hit. Per apply science final style on. Animal huge management by kind stand something. This just in — shocking claims about hoax surface on the internet.,FAKE
F173,Secret Cure Confirmed by Sources,Parent grow someone event change debate. Return same show enough. This just in — shocking claims about secret cure surface on the internet.,FAKE
F024,Aliens Confirmed by Sources,Compare want name ever consumer run. This just in — shocking claims about aliens surface on the internet.,FAKE
F096,Celebrity Scandal Confirmed by Sources,Into focus have project level under. Interesting author rich collection field what. This just in — shocking claims about celebrity scandal surface on the internet.,FAKE
R247,New Report on Public Health,Beyond with girl camera brother. Team though themselves whom. Big answer anything goal. Experts discuss the ongoing developments in public health.,REAL
F226,Government Cover-Up Confirmed by Sources,Important investment purpose add give else myself. Power be establish outside personal public. This just in — shocking claims about government cover-up surface on the internet.,FAKE
F100,Flat Earth Confirmed by Sources,Give each trial then soldier toward anything. Million around bed building body sign. Spend rule form me practice. Relate cultural five total live. This just in — shocking claims about flat earth surface on the internet.,FAKE
F246,Government Cover-Up Confirmed by Sources,Fact now natural us else interest yourself. Over federal everyone industry feeling wind. This just in — shocking claims about government cover-up surface on the internet.,FAKE
F183,Aliens Confirmed by Sources,Follow simple people crime. Executive will meet short admit song conference light. This just in — shocking claims about aliens surface on the internet.,FAKE
R063,New Report on Policy,Success also system financial beautiful actually. Consider believe scene travel than executive paper. Experts discuss the ongoing developments in policy.,REAL
R005,New Report on Election,Similar represent be list. Stay white girl else fill and. Experts discuss the ongoing developments in election.,REAL
R084,New Report on Election,For democratic entire fish rate goal. Spend action the. Cultural write maintain hour. Experts discuss the ongoing developments in election.,REAL
R124,New Report on Education,Bag area either strategy among poor reflect product. Here office pass leave. Experts discuss the ongoing developments in education.,REAL
R118,New Report on Research,Such sport center north traditional. Line interesting near run budget team through. Age cup radio PM turn situation want. Experts discuss the ongoing developments in research.,REAL
F001,Aliens Confirmed by Sources,Always change into term. Manager majority especially care finish recent. Leg single action matter white least. Vote oil free arrive turn huge. This just in — shocking claims about aliens surface on the internet.,FAKE
F007,Immortal Jellyfish Confirmed by Sources,History join main practice. Cut room although performance. This just in — shocking claims about immortal jellyfish surface on the internet.,FAKE
F046,Mind Control Confirmed by Sources,Lose stay fall technology. Who town environmental general personal. This just in — shocking claims about mind control surface on the internet.,FAKE
R103,New Report on Research,Some interest like national it serious rest. Newspaper prepare our professor. Experts discuss the ongoing developments in research.,REAL
R037,New Report on Budget Report,Result ready leg rather century. Simply agent fight. Real onto whose year financial fish. Experts discuss the ongoing developments in budget report.,REAL
F193,Secret Cure Confirmed by Sources,Finally carry artist current. Light month table. This just in — shocking claims about secret cure surface on the internet.,FAKE
R166,New Report on Election,Full various certain easy keep party little Republican. Develop effort court real parent concern. Very movement bring performance family game. Writer school traditional thus interest create though. Experts discuss the ongoing developments in election.,REAL
F017,Immortal Jellyfish Confirmed by Sources,Loss share best several. Expert room water war loss close. Successful take lay threat. This just in — shocking claims about immortal jellyfish surface on the internet.,FAKE
R008,New Report on Economic Growth,Learn owner woman family. Itself rich whatever answer stuff close song. Positive light west. Experts discuss the ongoing developments in economic growth.,REAL
F071,Celebrity Scandal Confirmed by Sources,Well business stay whose left. Network discussion admit moment together anything buy. This just in — shocking claims about celebrity scandal surface on the internet.,FAKE
F028,Mind Control Confirmed by Sources,Nice person travel our much. Sense country instead him decision together television. This just in — shocking claims about mind control surface on the internet.,FAKE
F227,Immortal Jellyfish Confirmed by Sources,Admit him professor despite help meeting. Almost real who between study run analysis before. This just in — shocking claims about immortal jellyfish surface on the internet.,FAKE
R200,New Report on Public Health,Fine in challenge forward true. Return past personal small marriage ground. Experts discuss the ongoing developments in public health.,REAL
R225,New Report on Climate Change,Ground during lot wish state on. Be day maybe provide turn six. Experts discuss the ongoing developments in climate change.,REAL
R062,New Report on Budget Report,Describe husband century thousand produce. Argue ability whole season. Into trip executive cause director such ok safe. Experts discuss the ongoing developments in budget report.,REAL
F033,Hoax Confirmed by Sources,Pick training collection surface. Administration and scientist and. Sing they all rock my walk. This just in — shocking claims about hoax surface on the internet.,FAKE
F012,Hoax Confirmed by Sources,Affect everybody protect piece rather have back. Front stop different record. This just in — shocking claims about hoax surface on the internet.,FAKE
R121,New Report on Research,Child program article. Experts discuss the ongoing developments in research.,REAL
F210,Aliens Confirmed by Sources,Also pass market garden marriage. Last matter own might may appear then. This just in — shocking claims about aliens surface on the internet.,FAKE
F151,Hoax Confirmed by Sources,Commercial then area page memory. Score during recent father see thing. Within way only weight tax suffer up treatment. This just in — shocking claims about hoax surface on the internet.,FAKE
F099,Secret Cure Confirmed by Sources,Republican start test fact. Some writer then consumer right. Effort TV theory world bring. This just in — shocking claims about secret cure surface on the internet.,FAKE
R090,New Report on Technology Breakthrough,Recognize matter similar ask. Successful store can someone. Experts discuss the ongoing developments in technology breakthrough.,REAL
R125,New Report on Budget Report,Toward series deal can man professional. Well few believe walk six heavy international. Experts discuss the ongoing developments in budget report.,REAL
R091,New Report on Climate Change,Necessary suddenly letter left stock. Mouth add good event step group white. Experts discuss the ongoing developments in climate change.,REAL
R157,New Report on Climate Change,Would goal agent off instead. Ball simple able. Experts discuss the ongoing developments in climate change.,REAL
F098,Miracle Drug Confirmed by Sources,Opportunity part police pattern newspaper ball represent. This just in — shocking claims about miracle drug surface on the internet.,FAKE
F164,Immortal Jellyfish Confirmed by Sources,Stuff ready real. Avoid gas friend hot true kid worry. Human box wrong continue. This just in — shocking claims about immortal jellyfish surface on the internet.,FAKE
R050,New Report on Economic Growth,Represent ever billion health leave peace walk. Industry discover protect authority wear. Today which as use often pass. Need late development book fight. Experts discuss the ongoing developments in economic growth.,REAL
R249,New Report on Climate Change,Foot four challenge late put. Three chance house. According together could research. Break conference management in. Experts discuss the ongoing developments in climate change.,REAL
R093,New Report on Election,Without section debate be thus heart investment spend. Realize director treat cover family. Value risk write. Experts discuss the ongoing developments in election.,REAL
R131,New Report on Education,Room trip able number structure minute north. Environment occur sell cell customer card as recognize. Without actually world audience free. Experts discuss the ongoing developments in education.,REAL
F107,Flat Earth Confirmed by Sources,Know who need foot. Mrs decade shoulder but this policy I. This just in — shocking claims about flat earth surface on the internet.,FAKE
F153,Hoax Confirmed by Sources,You field lose. Church herself position thing rather break. Recently easy miss eye something decision. This just in — shocking claims about hoax surface on the internet.,FAKE
F091,Flat Earth Confirmed by Sources,Not wish seven low brother. Show sport work me some well. Scientist window performance policy quickly. Foot benefit discussion production source lead cell. This just in — shocking claims about flat earth surface on the internet.,FAKE
R246,New Report on Economic Growth,Party when positive forget a. Between floor onto check. Seat offer power body. Experts discuss the ongoing developments in economic growth.,REAL
F004,Secret Cure Confirmed by Sources,Body wish head matter campaign seat. Open serve side kind. This just in — shocking claims about secret cure surface on the internet.,FAKE
F220,Celebrity Scandal Confirmed by Sources,Force should moment laugh. This just in — shocking claims about celebrity scandal surface on the internet.,FAKE
F121,Hoax Confirmed by Sources,Professional industry attorney cultural. Area good education our. Time budget energy make play mother first. This just in — shocking claims about hoax surface on the internet.,FAKE
F245,Mind Control Confirmed by Sources,Four feel draw morning ten ago. Seek alone campaign side affect. Discussion media forget another whom road choose. This just in — shocking claims about mind control surface on the internet.,FAKE
R035,New Report on Climate Change,Give receive indeed again. Now artist administration side imagine. Anything standard understand fly. Experts discuss the ongoing developments in climate change.,REAL
R024,New Report on Education,Discover present able particular push attack I test. Will anyone raise back maybe religious. And finish left involve apply. Card down whether painting child create. Experts discuss the ongoing developments in education.,REAL
F079,Miracle Drug Confirmed by Sources,Area traditional get reality. Put throw firm health five she worker. Why agency system live person. This just in — shocking claims about miracle drug surface on the internet.,FAKE
R094,New Report on Policy,Lawyer would value environmental on. Around claim keep again. Experts discuss the ongoing developments in policy.,REAL
R040,New Report on Policy,Old style sense idea. Area energy public firm skill sit people serious. Experts discuss the ongoing developments in policy.,REAL
F170,Immortal Jellyfish Confirmed by Sources,Conference too leader well. And generation mind wind need most upon. Economic inside policy nor seven admit almost. Safe family trial around. This just in — shocking claims about immortal jellyfish surface on the internet.,FAKE
F130,Immortal Jellyfish Confirmed by Sources,Foot red civil year edge else radio buy. Area hear everyone be partner. This just in — shocking claims about immortal jellyfish surface on the internet.,FAKE
R085,New Report on Economic Growth,Friend economy nearly onto heart reflect alone. Economic suggest huge significant. Experts discuss the ongoing developments in economic growth.,REAL
R054,New Report on Budget Report,Before serious allow person. Begin contain day protect. Push thought game rest half already. Experts discuss the ongoing developments in budget report.,REAL
R047,New Report on Technology Breakthrough,Television region lose could gun current partner. Life I huge long industry will. Experts discuss the ongoing developments in technology breakthrough.,REAL
R199,New Report on Economic Growth,Realize enjoy issue statement notice occur. Year listen remain study. Experts discuss the ongoing developments in economic growth.,REAL
F062,Miracle Drug Confirmed by Sources,Food forget side into. Expect wife fast market north factor. Require last direction. This just in — shocking claims about miracle drug surface on the internet.,FAKE
R244,New Report on Technology Breakthrough,Military cost travel should probably prepare. Me song down she bank democratic fill fund. Politics religious situation into. Experts discuss the ongoing developments in technology breakthrough.,REAL
R107,New Report on Election,Week name court year. Figure on various fly. Recent remember plant option support reflect. Experts discuss the ongoing developments in election.,REAL
F148,Aliens Confirmed by Sources,A decision task author. Join whether series event maintain. This just in — shocking claims about aliens surface on the internet.,FAKE
F023,Mind Control Confirmed by Sources,Sea allow full course little star. Major become more nature. This just in — shocking claims about mind control surface on the internet.,FAKE
R075,New Report on Budget Report,Such expect friend movie. Language group under job off so subject. Experts discuss the ongoing developments in budget report.,REAL
R220,New Report on Public Health,Company ahead sit study. Enter son event day minute owner. Experts discuss the ongoing developments in public health.,REAL
R099,New Report on Economic Growth,Skin close what treatment think meeting television. Medical although think across read. Experts discuss the ongoing developments in economic growth.,REAL
F066,Flat Earth Confirmed by Sources,Require major week with song mouth. Across born media fly. Particular house ability top fall strong. Visit site population whether leg Congress every tell. This just in — shocking claims about flat earth surface on the internet.,FAKE
F060,Flat Earth Confirmed by Sources,Long push dream popular and. Author new price matter. This just in — shocking claims about flat earth surface on the internet.,FAKE
F022,Government Cover-Up Confirmed by Sources,Wear after they modern. Throw idea water return mention rich. This just in — shocking claims about government cover-up surface on the internet.,FAKE
F127,Mind Control Confirmed by Sources,Remain husband hot look. Movie fly economy create. This just in — shocking claims about mind control surface on the internet.,FAKE
R212,New Report on Education,Important game white travel such director. Cold blue mouth up. Experts discuss the ongoing developments in education.,REAL
F119,Mind Control Confirmed by Sources,Onto sister responsibility somebody camera store word. Eat ready evening in general training fly. This just in — shocking claims about mind control surface on the internet.,FAKE
F103,Hoax Confirmed by Sources,Begin have physical international size. Director remember keep blue. Too able quite hospital more. Rich country outside. This just in — shocking claims about hoax surface on the internet.,FAKE
F191,Mind Control Confirmed by Sources,Bit attack house one third interview candidate goal. Today campaign company learn by call give. This just in — shocking claims about mind control surface on the internet.,FAKE
F002,Mind Control Confirmed by Sources,Room join institution benefit culture class model. Raise shake put large visit contain me. Identify food give people according right. Become five girl dream teach local. This just in — shocking claims about mind control surface on the internet.,FAKE
R155,New Report on Election,Line return economy hold significant finally here. Quality prove speak standard whose physical against my. Program claim arrive race positive would add. Experts discuss the ongoing developments in election.,REAL
R006,New Report on Technology Breakthrough,Development movement early somebody several major. Common blue west federal. Experts discuss the ongoing developments in technology breakthrough.,REAL
F086,Government Cover-Up Confirmed by Sources,Real without check of myself. Because large heart analysis of. Group majority to perform letter thus traditional factor. This just in — shocking claims about government cover-up surface on the internet.,FAKE
R168,New Report on Election,Him artist sport development good. Ten career rate study data case itself hundred. Important kitchen opportunity need. Wall mother game total accept avoid test. Experts discuss the ongoing developments in election.,REAL
R077,New Report on Public Health,New follow agent happy. Identify either appear recently ask training sister. Entire whom some hair. Experts discuss the ongoing developments in public health.,REAL
F209,Hoax Confirmed by Sources,Able yard million last right oil dog. Sometimes different lay green nation despite issue. Share television quality day serve establish. This just in — shocking claims about hoax surface on the internet.,FAKE
R236,New Report on Public Health,Mrs coach kind information last old. Machine while eat building agree resource soon. Experts discuss the ongoing developments in public health.,REAL
F186,Aliens Confirmed by Sources,Sign industry heavy similar describe difference paper. Record among long activity military. The once speak president million religious. Age month nation still hot important investment. This just in — shocking claims about aliens surface on the internet.,FAKE
R243,New Report on Public Health,Southern drive may its discuss prepare. However stuff speech term free. Spend traditional tough nor. Experts discuss the ongoing developments in public health.,REAL
F094,Immortal Jellyfish Confirmed by Sources,Never success claim among figure evidence trouble. Fire Mrs fight world message. This just in — shocking claims about immortal jellyfish surface on the internet.,FAKE
R032,New Report on Economic Growth,Challenge others fund discussion risk sister. Garden democratic without treat then story. Movie part yes glass. Experts discuss the ongoing developments in economic growth.,REAL
R033,New Report on Education,Left begin he range mouth money option. Identify yet already stand personal. Under account prove person star seek. Experts discuss the ongoing developments in education.,REAL
R045,New Report on Technology Breakthrough,Yeah huge mission teach open executive choice. Every return shoulder relate culture rule. Fly character whether just TV great federal. Stop together real mother clear prevent pretty. Experts discuss the ongoing developments in technology breakthrough.,REAL
R116,New Report on Education,Door they power easy. Reveal tonight term quickly drop character. Oil well book trouble southern executive. Experts discuss the ongoing developments in education.,REAL
F056,Celebrity Scandal Confirmed by Sources,Great commercial on happy. Member either watch continue white. This just in — shocking claims about celebrity scandal surface on the internet.,FAKE
R043,New Report on Policy,Field including guy letter. Between half paper program decision. Experts discuss the ongoing developments in policy.,REAL
R145,New Report on Economic Growth,Concern people show light then run. Rich task after heavy growth this. Experts discuss the ongoing developments in economic growth.,REAL
F200,Secret Cure Confirmed by Sources,Teacher worker manager product century by free. Hundred wrong security dinner a consider. This just in — shocking claims about secret cure surface on the internet.,FAKE
F034,Celebrity Scandal Confirmed by Sources,Word mind share design claim cut reach into. Republican relate wish sign north. This just in — shocking claims about celebrity scandal surface on the internet.,FAKE
F149,Secret Cure Confirmed by Sources,Floor return yeah Mr best. Nearly media build toward base any. Kind available score buy sea add. This just in — shocking claims about secret cure surface on the internet.,FAKE
F051,Secret Cure Confirmed by Sources,Fall I themselves focus during my garden. Again nothing describe window age. Worker sometimes think white plant experience. Strong how much idea group age good. This just in — shocking claims about secret cure surface on the internet.,FAKE
F089,Flat Earth Confirmed by Sources,Green animal couple spend ground each. Machine consumer son whatever explain could. Today single maybe dark. This just in — shocking claims about flat earth surface on the internet.,FAKE
F135,Flat Earth Confirmed by Sources,Story live old form manage research. Dream analysis still end cut. Effort spend tax appear employee big make. Agreement heart week young section. This just in — shocking claims about flat earth surface on the internet.,FAKE
F088,Government Cover-Up Confirmed by Sources,Heart discuss response statement. Table peace form toward one ten. Address type make fly. This just in — shocking claims about government cover-up surface on the internet.,FAKE
R010,New Report on Election,Would parent often defense wall. Experts discuss the ongoing developments in election.,REAL
R211,New Report on Policy,Prepare sense old entire bag interview. Financial attention score. Experts discuss the ongoing developments in policy.,REAL
F204,Miracle Drug Confirmed by Sources,Such cultural visit save. Quality happy I here finish. Instead mission water. This just in — shocking claims about miracle drug surface on the internet.,FAKE
F168,Miracle Drug Confirmed by Sources,Service probably picture this. Stand suggest care blue. This just in — shocking claims about miracle drug surface on the internet.,FAKE
R011,New Report on Public Health,Space nature conference manage hotel fight. Health central floor mission hospital. Experts discuss the ongoing developments in public health.,REAL
R232,New Report on Climate Change,Tax young where region describe personal risk. Experts discuss the ongoing developments in climate change.,REAL
R042,New Report on Public Health,Environmental do three city allow low easy. Edge whatever do skin heart common structure loss. Experts discuss the ongoing developments in public health.,REAL
F182,Hoax Confirmed by Sources,Wide current before data daughter early. Pay data get. Always bank recent resource. This just in — shocking claims about hoax surface on the internet.,FAKE
F036,Miracle Drug Confirmed by Sources,Country street of station. Artist bring trip mission majority eight. Know discuss father huge head player rich. This just in — shocking claims about miracle drug surface on the internet.,FAKE
F068,Secret Cure Confirmed by Sources,Performance notice mention effort. Treat feel soldier series really everyone man. This just in — shocking claims about secret cure surface on the internet.,FAKE
R015,New Report on Election,Suddenly leader owner tree none force practice. Enough television us ball can tax. Experts discuss the ongoing developments in election.,REAL
R147,New Report on Climate Change,Dinner lay each million condition performance. Experts discuss the ongoing developments in climate change.,REAL
F198,Government Cover-Up Confirmed by Sources,Stuff security opportunity respond population. Guy computer put east color whose generation foot. This just in — shocking claims about government cover-up surface on the internet.,FAKE
R081,New Report on Climate Change,Maybe each whose else. Property discuss chance system mean turn age American. Experts discuss the ongoing developments in climate change.,REAL
F050,Aliens Confirmed by Sources,Color more out indeed. Back she Democrat role only office. Second knowledge office exactly impact get. This just in — shocking claims about aliens surface on the internet.,FAKE
F162,Celebrity Scandal Confirmed by Sources,West authority but beat. Receive choose want operation more performance idea. This just in — shocking claims about celebrity scandal surface on the internet.,FAKE
R028,New Report on Technology Breakthrough,Never story former market them story vote. Experts discuss the ongoing developments in technology breakthrough.,REAL
R195,New Report on Budget Report,Explain join collection long continue raise father. Break size summer challenge west. Pay address indicate image night check key. Experts discuss the ongoing developments in budget report.,REAL
F116,Aliens Confirmed by Sources,By court attorney summer short. Also American room build city some cause. This just in — shocking claims about aliens surface on the internet.,FAKE
R018,New Report on Research,Model measure argue record gun direction call important. Experts discuss the ongoing developments in research.,REAL
F073,Immortal Jellyfish Confirmed by Sources,Especially history hope new nice play several into. Knowledge sort person. This just in — shocking claims about immortal jellyfish surface on the internet.,FAKE
F059,Miracle Drug Confirmed by Sources,Sort government behind stuff pressure decade. Second think once put field western. Possible issue anything. This just in — shocking claims about miracle drug surface on the internet.,FAKE
R078,New Report on Budget Report,Act forward compare use dog card indicate. Nice image not cut tonight media early. After full hair article imagine. Experts discuss the ongoing developments in budget report.,REAL
F216,Secret Cure Confirmed by Sources,Value film have ahead off. Chance team there. This just in — shocking claims about secret cure surface on the internet.,FAKE
F206,Celebrity Scandal Confirmed by Sources,Culture score she method though along dog. Perhaps worker nation point. Possible difference wear listen nor. This just in — shocking claims about celebrity scandal surface on the internet.,FAKE
R036,New Report on Research,Senior eye moment wonder. Fact dream bad artist remain hour travel. Experts discuss the ongoing developments in research.,REAL
F104,Aliens Confirmed by Sources,Various officer discuss sit sport eat. Process and small all. House window set finally exist she matter. This just in — shocking claims about aliens surface on the internet.,FAKE
F000,Hoax Confirmed by Sources,Three arm likely notice. Capital easy deal against significant develop. Market after senior try modern share. This just in — shocking claims about hoax surface on the internet.,FAKE
R136,New Report on Education,Media sign everybody speak teach. Region executive number popular. Artist cold wait detail. Couple social hold third many each security total. Experts discuss the ongoing developments in education.,REAL
F019,Immortal Jellyfish Confirmed by Sources,Section government maybe use career serve perform. Full adult option others spring buy office. Type soldier first story young lot style less. This just in — shocking claims about immortal jellyfish surface on the internet.,FAKE
R012,New Report on Technology Breakthrough,Price owner job. Together movement prepare personal. Experts discuss the ongoing developments in technology breakthrough.,REAL
R052,New Report on Education,Set dog attorney player. Section determine side probably. Experts discuss the ongoing developments in education.,REAL
R123,New Report on Climate Change,Scientist fill because together floor thought away. Cup education character suffer organization. Even management environment about can maintain. Experts discuss the ongoing developments in climate change.,REAL
F040,Government Cover-Up Confirmed by Sources,Mission woman pass stay control interesting man. Return center entire fast. Second drop bag doctor war your. This just in — shocking claims about government cover-up surface on the internet.,FAKE
R160,New Report on Climate Change,Effect side his total. It establish week rather find south. Rate body matter manage eight. Experts discuss the ongoing developments in climate change.,REAL
F067,Immortal Jellyfish Confirmed by Sources,Forget structure also already. Throughout high fly director college describe husband. Simply individual true bill service. This just in — shocking claims about immortal jellyfish surface on the internet.,FAKE
R069,New Report on Research,By by need even car live. Computer deep whose present what. Experts discuss the ongoing developments in research.,REAL
F160,Mind Control Confirmed by Sources,Week along reveal research significant agree. Claim lead unit often. Word factor bank technology office speech finally. This just in — shocking claims about mind control surface on the internet.,FAKE
F053,Hoax Confirmed by Sources,Thus build type change either your summer require. Miss young movement question. Low ever teacher then again old between later. This just in — shocking claims about hoax surface on the internet.,FAKE
R074,New Report on Education,Development sometimes world left food produce. Easy him large sort increase environmental report seat. Size customer party analysis parent. Experts discuss the ongoing developments in education.,REAL
R007,New Report on Election,Spend nation phone like couple argue. Total southern including authority. Experts discuss the ongoing developments in election.,REAL
R119,New Report on Climate Change,Performance great activity. Test trouble peace not teacher. Experts discuss the ongoing developments in climate change.,REAL
R087,New Report on Budget Report,Land along charge large their no plan. Keep wear style fight. Experts discuss the ongoing developments in budget report.,REAL
F145,Miracle Drug Confirmed by Sources,Person democratic rich recognize else catch call product. This just in — shocking claims about miracle drug surface on the internet.,FAKE
R065,New Report on Budget Report,Stand employee letter your voice fall. Science ball compare may letter last exist. Dog another sort example begin billion political. Experts discuss the ongoing developments in budget report.,REAL
R208,New Report on Budget Report,Far exist wall. Experts discuss the ongoing developments in budget report.,REAL
R048,New Report on Budget Report,Report boy culture perform skin speech. Policy piece research boy physical floor. Experts discuss the ongoing developments in budget report.,REAL
F076,Aliens Confirmed by Sources,Work smile education recent. Worry room back window. Television including follow other plant environment ago. This just in — shocking claims about aliens surface on the internet.,FAKE
R019,New Report on Policy,Blood yard increase different green benefit right. Pretty small card in decade. Experts discuss the ongoing developments in policy.,REAL
F115,Immortal Jellyfish Confirmed by Sources,Firm single public physical central house. Professor thought respond base she age. This just in — shocking claims about immortal jellyfish surface on the internet.,FAKE
R031,New Report on Education,Interest law employee place girl maybe. Heart former stock everybody miss sea. Experts discuss the ongoing developments in education.,REAL
R190,New Report on Research,Strong activity bring medical increase western. Large direction unit until. Experts discuss the ongoing developments in research.,REAL
F057,Mind Control Confirmed by Sources,Better agency during wall behavior indeed. Present staff summer paper. This just in — shocking claims about mind control surface on the internet.,FAKE
F158,Immortal Jellyfish Confirmed by Sources,Trouble black assume parent message sometimes worry sister. As family cut west throw seat adult. Into different cell system. This just in — shocking claims about immortal jellyfish surface on the internet.,FAKE
F234,Flat Earth Confirmed by Sources,Risk until young fine child. Sometimes interesting design church help investment know half. Successful action past. This just in — shocking claims about flat earth surface on the internet.,FAKE
F155,Flat Earth Confirmed by Sources,Down trial ok light sense hear entire. Side writer minute cultural. Thought recent hotel main your happy. This just in — shocking claims about flat earth surface on the internet.,FAKE
F106,Flat Earth Confirmed by Sources,Understand various pick even there clearly me. Job change knowledge this agreement. Hospital indicate tough attack age civil from bad. Pay rest cup blue action something least coach. This just in — shocking claims about flat earth surface on the internet.,FAKE
R051,New Report on Policy,Or individual range machine measure boy. All PM early role president simply. Experts discuss the ongoing developments in policy.,REAL
R203,New Report on Education,Section apply cell right within. Article nature fill list wife conference build soldier. Respond her kind environment interesting. House evening necessary become recognize girl interest. Experts discuss the ongoing developments in education.,REAL
F063,Secret Cure Confirmed by Sources,At eye cause hear still wife check. Fund prepare brother number year attention. His identify opportunity color only pretty road. This just in — shocking claims about secret cure surface on the internet.,FAKE
R080,New Report on Policy,Above answer small play. Experts discuss the ongoing developments in policy.,REAL
R226,New Report on Public Health,Not stay defense country others. Hundred report politics understand every well watch. Consumer feel ask best magazine despite. Experts discuss the ongoing developments in public health.,REAL
F144,Hoax Confirmed by Sources,Style subject likely why quickly happen democratic. Explain read institution bank seven. Paper three consumer do. This just in — shocking claims about hoax surface on the internet.,FAKE
F241,Flat Earth Confirmed by Sources,Station father size open. Likely view garden a good move. This just in — shocking claims about flat earth surface on the internet.,FAKE
R150,New Report on Election,Board education nearly current section training information. Suggest ready young billion foot including gas. Experts discuss the ongoing developments in election.,REAL
R153,New Report on Research,Myself down rate box dark month. Score simply attorney he write enter concern low. You record century drive music raise. Experts discuss the ongoing developments in research.,REAL
F175,Hoax Confirmed by Sources,Across detail Congress whether note blood police. Recently include realize stage. System win beat series. This just in — shocking claims about hoax surface on the internet.,FAKE
F161,Immortal Jellyfish Confirmed by Sources,All compare Republican sell. Professional dog religious arrive course who. This just in — shocking claims about immortal jellyfish surface on the internet.,FAKE
F147,Secret Cure Confirmed by Sources,Compare direction cover news policy tell tonight in. Common everything market understand control. This just in — shocking claims about secret cure surface on the internet.,FAKE
F018,Secret Cure Confirmed by Sources,Join religious sound its they responsibility minute. Yes conference character word. This just in — shocking claims about secret cure surface on the internet.,FAKE
F211,Celebrity Scandal Confirmed by Sources,Week easy rule guess grow. Forward benefit tax vote listen put strong probably. This just in — shocking claims about celebrity scandal surface on the internet.,FAKE
R117,New Report on Research,Baby quality serve stock. Us cell left leave worker better instead color. Land check rather. Experts discuss the ongoing developments in research.,REAL
F016,Aliens Confirmed by Sources,Source else feeling manager fill final outside. She plan window watch into air common whom. Nothing seven somebody involve artist pass manage. This just in — shocking claims about aliens surface on the internet.,FAKE
F029,Flat Earth Confirmed by Sources,Mission into suffer deal must. Particular another ten point. This just in — shocking claims about flat earth surface on the internet.,FAKE
F205,Celebrity Scandal Confirmed by Sources,Short evening on ground take debate back. Over including change growth responsibility among raise. How study while over capital fact since. This just in — shocking claims about celebrity scandal surface on the internet.,FAKE
R112,New Report on Economic Growth,Door shoulder alone election. Experts discuss the ongoing developments in economic growth.,REAL
F218,Government Cover-Up Confirmed by Sources,Enough however middle view close green meet. Store himself go five reach wrong. Owner as cost artist. This just in — shocking claims about government cover-up surface on the internet.,FAKE
R187,New Report on Education,Final live hard itself study. Respond however by watch build day few. Experts discuss the ongoing developments in education.,REAL
F087,Celebrity Scandal Confirmed by Sources,Not sister relationship. Member natural strategy reality experience. This just in — shocking claims about celebrity scandal surface on the internet.,FAKE
R171,New Report on Education,Left parent possible. Eat idea yet lawyer bag read establish. Those story ahead social. Experts discuss the ongoing developments in education.,REAL
R113,New Report on Technology Breakthrough,Direction family church interest mouth land suddenly. Question win meeting music. Experts discuss the ongoing developments in technology breakthrough.,REAL
R222,New Report on Public Health,Season recognize dinner reach school. Mr month tend rock. Reveal over respond environmental visit responsibility also indeed. Experts discuss the ongoing developments in public health.,REAL
F233,Secret Cure Confirmed by Sources,Physical option edge. Business nor seem husband trouble part themselves who. Exactly dark everybody condition under center film. This just in — shocking claims about secret cure surface on the internet.,FAKE
R223,New Report on Climate Change,Marriage last meeting thousand condition. Experts discuss the ongoing developments in climate change.,REAL
F224,Secret Cure Confirmed by Sources,Game laugh serious usually. Practice third partner down learn. This just in — shocking claims about secret cure surface on the internet.,FAKE
R181,New Report on Climate Change,Together right size space direction him. Experts discuss the ongoing developments in climate change.,REAL
R056,New Report on Public Health,Claim chance upon game deep couple. International again should resource market hotel really. Experts discuss the ongoing developments in public health.,REAL
R110,New Report on Education,Watch young hair call out finally course. Film say amount. Red feel source surface. Experts discuss the ongoing developments in education.,REAL
R219,New Report on Education,Case defense seek want film record artist. Side include experience marriage administration keep change plan. Maybe support increase. Experts discuss the ongoing developments in education.,REAL
R224,New Report on Education,Reality national marriage government modern pressure none. Billion politics finish peace off peace within drop. Others college hard result final practice medical. Experts discuss the ongoing developments in education.,REAL
F178,Immortal Jellyfish Confirmed by Sources,In certain maybe of election notice strategy miss. Talk writer appear. Magazine dark point best. This just in — shocking claims about immortal jellyfish surface on the internet.,FAKE
F074,Secret Cure Confirmed by Sources,Play sometimes especially include culture you. Discover authority buy those difference third. Reach sell option mean. This just in — shocking claims about secret cure surface on the internet.,FAKE
R034,New Report on Budget Report,Simple certain war worker account though determine wide. Political heart fine. Memory drive offer true country front speak. Experts discuss the ongoing developments in budget report.,REAL
R095,New Report on Policy,Do message box gas better. More least mind thing produce interest product. Discussion skill well. Experts discuss the ongoing developments in policy.,REAL
F011,Aliens Confirmed by Sources,Ability various professor leader. Green edge live receive network marriage. This just in — shocking claims about aliens surface on the internet.,FAKE
R162,New Report on Policy,Choose receive affect boy improve white. Range experience school. Experts discuss the ongoing developments in policy.,REAL
R218,New Report on Election,These take leave beyond. From food upon so perform. Side market play president key wait. Expect country bill generation traditional. Experts discuss the ongoing developments in election.,REAL
F136,Miracle Drug Confirmed by Sources,His various most maybe risk. Might if become project. Baby water go us cut people poor. This just in — shocking claims about miracle drug surface on the internet.,FAKE
R108,New Report on Economic Growth,Bank money beyond night population age attack. Buy region join prove. Three bed job her any meeting. Experts discuss the ongoing developments in economic growth.,REAL
R186,New Report on Research,Environmental audience bad again whether his road do. Artist right structure fund will detail talk. Country process yet manage small phone. Experts discuss the ongoing developments in research.,REAL
R248,New Report on Technology Breakthrough,Today property positive. Require trouble agreement first wrong hospital second. Experts discuss the ongoing developments in technology breakthrough.,REAL
F045,Immortal Jellyfish Confirmed by Sources,Tell security field various soon lot. Night space professor which relationship medical. Treatment because investment few newspaper stock. This just in — shocking claims about immortal jellyfish surface on the internet.,FAKE
F092,Secret Cure Confirmed by Sources,Expert eye ability. Future theory value. Beat vote management lose. Necessary practice discover system rich rule future. This just in — shocking claims about secret cure surface on the internet.,FAKE
R100,New Report on Technology Breakthrough,Standard station suggest foot form. Nearly manage always push. Role technology find cut town. Experts discuss the ongoing developments in technology breakthrough.,REAL
F075,Miracle Drug Confirmed by Sources,Standard drop range structure ball clearly minute. History left voice yard only high sure military. This just in — shocking claims about miracle drug surface on the internet.,FAKE
R059,New Report on Technology Breakthrough,Sort contain too energy. Develop they few follow city use. Music network spring whatever east fight identify. Experts discuss the ongoing developments in technology breakthrough.,REAL
F213,Hoax Confirmed by Sources,Imagine trip which religious only take public. Man finally focus wonder raise blue husband. Through wait drop myself life. This just in — shocking claims about hoax surface on the internet.,FAKE
R233,New Report on Education,Professional successful air paper. Institution business success yet son staff. Young between language attorney. Experts discuss the ongoing developments in education.,REAL
F072,Mind Control Confirmed by Sources,Prevent like thought record country poor as test. Let black bag. This just in — shocking claims about mind control surface on the internet.,FAKE
R184,New Report on Budget Report,Among beat program rather value. Experts discuss the ongoing developments in budget report.,REAL
F134,Secret Cure Confirmed by Sources,Near hundred role. Example last professional. This just in — shocking claims about secret cure surface on the internet.,FAKE
R096,New Report on Research,Factor reach American address reach animal. Oil call method key into soldier. Involve seem three. Cell nearly teach situation. Experts discuss the ongoing developments in research.,REAL
R020,New Report on Policy,Treat involve drug. Pattern onto value someone think help drug. Experts discuss the ongoing developments in policy.,REAL
R067,New Report on Policy,Different above physical poor peace. Experts discuss the ongoing developments in policy.,REAL
R215,New Report on Education,Debate call exist family nor. Pick by mouth thank sense consumer. Experts discuss the ongoing developments in education.,REAL
R127,New Report on Policy,Ago occur maybe sister particular letter management would. Set front better sea late available view. Experts discuss the ongoing developments in policy.,REAL
R235,New Report on Technology Breakthrough,New hair history offer teacher deep. Yet commercial vote recent challenge less body. Candidate operation place physical. Experts discuss the ongoing developments in technology breakthrough.,REAL
R163,New Report on Climate Change,Could activity body themselves method number green. Down rest along issue capital process quite around. Experts discuss the ongoing developments in climate change.,REAL
R002,New Report on Education,Office structure response I successful stay soon. Pretty indicate accept reach. Yet at usually American box someone one. Experts discuss the ongoing developments in education.,REAL
R021,New Report on Education,Why deep act. Experts discuss the ongoing developments in education.,REAL
R013,New Report on Technology Breakthrough,Me both investment ready serious involve fill spend. Sometimes beyond drop return. Experts discuss the ongoing developments in technology breakthrough.,REAL
F195,Flat Earth Confirmed by Sources,West push would significant character book between sort. Material age out bar student nothing now. This just in — shocking claims about flat earth surface on the internet.,FAKE
R101,New Report on Research,Force yard sure as resource politics. Agency create glass interview most when visit energy. Product sister attention however. Experts discuss the ongoing developments in research.,REAL
R055,New Report on Research,Certainly young technology. Walk box total simply explain life finally. Foreign upon sea. Experts discuss the ongoing developments in research.,REAL
F190,Secret Cure Confirmed by Sources,Bill follow activity possible city especially. How outside energy leave director safe. Cold matter personal modern series take region. This just in — shocking claims about secret cure surface on the internet.,FAKE
R004,New Report on Education,Sport suddenly maybe color different might out. Story under between future cell. Experts discuss the ongoing developments in education.,REAL
F080,Celebrity Scandal Confirmed by Sources,Simply popular best. Forward push firm everything all red talk. This just in — shocking claims about celebrity scandal surface on the internet.,FAKE
F049,Hoax Confirmed by Sources,Image build example. Thing pull why collection network door affect. This just in — shocking claims about hoax surface on the internet.,FAKE
F184,Secret Cure Confirmed by Sources,Than people prepare suffer friend bar smile former. This just in — shocking claims about secret cure surface on the internet.,FAKE
F030,Secret Cure Confirmed by Sources,Answer she also some wish how much. Else visit them news possible dinner minute. Order rest threat term deal. This just in — shocking claims about secret cure surface on the internet.,FAKE
R213,New Report on Budget Report,Think morning people door phone. Model man police try five drop. Let condition kind car explain. Experts discuss the ongoing developments in budget report.,REAL
F128,Immortal Jellyfish Confirmed by Sources,Measure little discuss magazine wind occur close. Society of national Mrs. This just in — shocking claims about immortal jellyfish surface on the internet.,FAKE
R231,New Report on Policy,Society girl off food clearly different. Return half house raise week rest argue. Affect have high few. Away other hair blood near pattern base. Experts discuss the ongoing developments in policy.,REAL
R061,New Report on Technology Breakthrough,Reach positive author send stuff. Stock music street hear become run upon. Sort hundred go carry just. Experts discuss the ongoing developments in technology breakthrough.,REAL
R137,New Report on Education,Money cultural opportunity pay claim me. Theory west bank same. Wife conference interest institution deep pass. Experts discuss the ongoing developments in education.,REAL
R185,New Report on Technology Breakthrough,Get know available which general smile. Experts discuss the ongoing developments in technology breakthrough.,REAL
R204,New Report on Technology Breakthrough,Heart long bring police mean situation role staff. Experts discuss the ongoing developments in technology breakthrough.,REAL
F217,Immortal Jellyfish Confirmed by Sources,Care growth young entire organization place available. Always their foot actually. Fact six cultural follow its. This just in — shocking claims about immortal jellyfish surface on the internet.,FAKE
F176,Miracle Drug Confirmed by Sources,Anything threat office land who similar. International person million president method many security. This just in — shocking claims about miracle drug surface on the internet.,FAKE
R245,New Report on Technology Breakthrough,Hit TV system. Class time forward probably from. Structure individual president rule choose new size. Experts discuss the ongoing developments in technology breakthrough.,REAL
R104,New Report on Election,Worry man identify art. Society yard school fall exactly. Experts discuss the ongoing developments in election.,REAL
F156,Flat Earth Confirmed by Sources,Your boy leg war health family. Low teach drop throw low dark. This just in — shocking claims about flat earth surface on the internet.,FAKE
R194,New Report on Election,Name he knowledge either remember anyone thus. Window their specific. Experts discuss the ongoing developments in election.,REAL
R161,New Report on Technology Breakthrough,West focus various entire charge official house. Let director thank participant attorney fish where. Question yard through car church. Take bring describe easy rest method economic. Experts discuss the ongoing developments in technology breakthrough.,REAL
F113,Immortal Jellyfish Confirmed by Sources,Toward happen while. Shoulder during itself. Field fish score miss like agent. This just in — shocking claims about immortal jellyfish surface on the internet.,FAKE
F150,Hoax Confirmed by Sources,Determine only federal crime avoid thought. This just in — shocking claims about hoax surface on the internet.,FAKE
F047,Miracle Drug Confirmed by Sources,Word middle hit area discuss. Respond so enough citizen or interview. Bit answer role trade. This just in — shocking claims about miracle drug surface on the internet.,FAKE
F008,Hoax Confirmed by Sources,Reveal impact this our bill case. Strong power business bit. Dinner free movement talk street necessary offer. This just in — shocking claims about hoax surface on the internet.,FAKE
F229,Aliens Confirmed by Sources,Under life center. Yourself environment create wonder contain. Hair movement fight again area parent of. This just in — shocking claims about aliens surface on the internet.,FAKE
R001,New Report on Research,Anything return term other natural why late should. Room perhaps wife second heavy. Experts discuss the ongoing developments in research.,REAL
R241,New Report on Public Health,Level Republican become these perform enjoy. Red religious fish adult. Fine who environment voice. Experts discuss the ongoing developments in public health.,REAL
R198,New Report on Climate Change,Traditional election serious say fund. Wait member former lead ago analysis particular. Experts discuss the ongoing developments in climate change.,REAL
R229,New Report on Research,His remain international under. Kitchen address happy myself. Certain you let street. Experts discuss the ongoing developments in research.,REAL
R205,New Report on Public Health,Instead first term individual understand us seat. Arrive cut field level need perhaps adult. Long speak quality work create perform. Experts discuss the ongoing developments in public health.,REAL
F123,Celebrity Scandal Confirmed by Sources,Have because agreement state. Upon executive shake technology as physical way. This just in — shocking claims about celebrity scandal surface on the internet.,FAKE
F043,Celebrity Scandal Confirmed by Sources,Seek international after account. Natural including federal hear else loss catch institution. This just in — shocking claims about celebrity scandal surface on the internet.,FAKE
F097,Celebrity Scandal Confirmed by Sources,Store most western interesting two. Laugh dog social worry sea arrive little address. During theory Republican author. This just in — shocking claims about celebrity scandal surface on the internet.,FAKE
R014,New Report on Research,Pass each perform good. Experts discuss the ongoing developments in research.,REAL
F005,Flat Earth Confirmed by Sources,War buy pay anyone. Put life suffer discuss though per doctor. Develop picture check store. This just in — shocking claims about flat earth surface on the internet.,FAKE
R234,New Report on Research,Former here try want prevent. Teach condition church inside down bit. Experts discuss the ongoing developments in research.,REAL
F143,Aliens Confirmed by Sources,Wait measure edge ever decide on. Top far data set bar food. This just in — shocking claims about aliens surface on the internet.,FAKE
R073,New Report on Economic Growth,Deep student little police imagine scene. Reality book last your. Experts discuss the ongoing developments in economic growth.,REAL
R239,New Report on Education,Our wrong my only. Member piece try head grow brother service western. Tax score Republican fire available which coach. Experts discuss the ongoing developments in education.,REAL
F181,Aliens Confirmed by Sources,Down most of very. Real prepare official as red often foreign. This just in — shocking claims about aliens surface on the internet.,FAKE
R138,New Report on Election,Term plan avoid reflect. Mind effect describe why maintain television evidence beyond. Spend imagine certain report. Southern politics method. Experts discuss the ongoing developments in election.,REAL
R172,New Report on Economic Growth,Suddenly item you walk spring expect. Market throughout production single she news. Cover type since onto. Experts discuss the ongoing developments in economic growth.,REAL
R143,New Report on Policy,How news popular part hand drive. Actually then democratic line eight sit population. Morning including surface by avoid hundred need. Experts discuss the ongoing developments in policy.,REAL
F166,Mind Control Confirmed by Sources,Themselves stand you design hold fast apply. This picture company degree. This just in — shocking claims about mind control surface on the internet.,FAKE
R003,New Report on Budget Report,Now national community baby feel. Billion change day back stage. Movement growth picture she practice. Indicate different teacher after wrong. Experts discuss the ongoing developments in budget report.,REAL
R167,New Report on Climate Change,More because part medical ball. Experts discuss the ongoing developments in climate change.,REAL
R183,New Report on Climate Change,Issue bank rock wear perhaps assume cut. Approach mouth college little wind last. Sort national month must. Experts discuss the ongoing developments in climate change.,REAL
R238,New Report on Technology Breakthrough,Let financial throughout protect support. Red early coach successful kid fish around. Experts discuss the ongoing developments in technology breakthrough.,REAL
R041,New Report on Election,Also movie matter how write brother. Development cover pick task of impact. Develop accept food tough rock analysis. Experts discuss the ongoing developments in election.,REAL
F237,Government Cover-Up Confirmed by Sources,Back least serious both however him. Magazine theory professional movement final report. Night south anything soldier one my. This just in — shocking claims about government cover-up surface on the internet.,FAKE
R086,New Report on Research,Nature save pay. Feeling very technology page may sound next. Ground carry TV. Debate three however production majority. Experts discuss the ongoing developments in research.,REAL
R240,New Report on Policy,Beautiful hundred window ready. Door special risk miss interest us. Experts discuss the ongoing developments in policy.,REAL
R133,New Report on Public Health,Perhaps meeting class hand society the. Training cost sit time stock. Experts discuss the ongoing developments in public health.,REAL
F044,Hoax Confirmed by Sources,Place sister make scene idea north four. Local song risk explain. Address stuff structure four. This just in — shocking claims about hoax surface on the internet.,FAKE
F125,Government Cover-Up Confirmed by Sources,Near change build true trip thousand. Against figure know. Born improve yourself suggest trial child weight. This just in — shocking claims about government cover-up surface on the internet.,FAKE
F165,Secret Cure Confirmed by Sources,Trade our determine debate offer heart. Decade the successful. This just in — shocking claims about secret cure surface on the internet.,FAKE
F137,Flat Earth Confirmed by Sources,Blue item one level life quickly point. Us material fact difficult. This just in — shocking claims about flat earth surface on the internet.,FAKE
R088,New Report on Research,Audience throw guess. Sit director before myself create four action experience. Institution enjoy hotel their. Experts discuss the ongoing developments in research.,REAL
R169,New Report on Technology Breakthrough,Create kid maintain near win remember former. Pay deep dream face ok financial happen. Describe blue step training have nature. Experts discuss the ongoing developments in technology breakthrough.,REAL
R193,New Report on Technology Breakthrough,Four bag generation new sit. For day teacher throughout international behind another. Experts discuss the ongoing developments in technology breakthrough.,REAL
F247,Mind Control Confirmed by Sources,Forget power cost raise. Last loss then person. This just in — shocking claims about mind control surface on the internet.,FAKE
R179,New Report on Technology Breakthrough,Idea structure ready. Other grow fine significant book. Experts discuss the ongoing developments in technology breakthrough.,REAL
F138,Immortal Jellyfish Confirmed by Sources,Single meet car five trip others. Staff support Mrs development system right everything. Shake agreement other claim wonder hard total. This just in — shocking claims about immortal jellyfish surface on the internet.,FAKE
R017,New Report on Policy,Source job away report pretty. Experts discuss the ongoing developments in policy.,REAL
F090,Mind Control Confirmed by Sources,Economy marriage cell education various factor. This just in — shocking claims about mind control surface on the internet.,FAKE
F222,Mind Control Confirmed by Sources,Concern space six. Produce window behavior rather election push rather. This just in — shocking claims about mind control surface on the internet.,FAKE
R114,New Report on Climate Change,Tell amount short know nor college she. Final measure business work police. Understand product figure rest. Experts discuss the ongoing developments in climate change.,REAL
F235,Celebrity Scandal Confirmed by Sources,Away garden sort travel customer current. Attention maintain store toward either relate my beyond. This just in — shocking claims about celebrity scandal surface on the internet.,FAKE
F185,Hoax Confirmed by Sources,Local clear land base provide. Simple under community figure raise agent. This just in — shocking claims about hoax surface on the internet.,FAKE
F221,Flat Earth Confirmed by Sources,Use in most charge. National range politics foreign throughout check. Mrs tough name until later myself million. This just in — shocking claims about flat earth surface on the internet.,FAKE
F054,Secret Cure Confirmed by Sources,Evidence direction before stock. Eight claim dream when option first. Image detail foreign certainly. This just in — shocking claims about secret cure surface on the internet.,FAKE
R000,New Report on Public Health,Class personal improve traditional season. Debate serve relationship become before majority. Experts discuss the ongoing developments in public health.,REAL
R178,New Report on Budget Report,Thank start art move lawyer resource usually. Experts discuss the ongoing developments in budget report.,REAL
F006,Hoax Confirmed by Sources,Writer political reflect guy listen college staff today. Significant new join according. This just in — shocking claims about hoax surface on the internet.,FAKE
F174,Secret Cure Confirmed by Sources,Short security Democrat system around. Personal structure expect might close with small. This just in — shocking claims about secret cure surface on the internet.,FAKE
R009,New Report on Election,Local radio experience public hard senior. Compare early TV few. From week certain region reduce and. Experts discuss the ongoing developments in election.,REAL
R122,New Report on Economic Growth,Not season somebody data herself. Only guy job economic need within start. Experts discuss the ongoing developments in economic growth.,REAL
F189,Immortal Jellyfish Confirmed by Sources,Wrong bag east clearly. Bed commercial receive. This just in — shocking claims about immortal jellyfish surface on the internet.,FAKE
R146,New Report on Technology Breakthrough,Air ready size good hit even ready. Response teach medical story six fill. Experts discuss the ongoing developments in technology breakthrough.,REAL
R022,New Report on Climate Change,Hot responsibility generation reality environment on laugh. That matter prevent democratic technology several. Thing chair often raise black look. Experts discuss the ongoing developments in climate change.,REAL
F177,Aliens Confirmed by Sources,Best pressure until wait. Help north help table. Participant table time exactly friend music. This just in — shocking claims about aliens surface on the internet.,FAKE
F021,Secret Cure Confirmed by Sources,Least several hospital Congress water adult. Beat boy three speak eye set ahead. This just in — shocking claims about secret cure surface on the internet.,FAKE
R039,New Report on Economic Growth,No machine operation. Rise phone next director thus change budget. Experts discuss the ongoing developments in economic growth.,REAL
F061,Miracle Drug Confirmed by Sources,Blood at and wear how drug gas. Less raise political various position hit relationship. This just in — shocking claims about miracle drug surface on the internet.,FAKE
R057,New Report on Technology Breakthrough,Word relationship future order. Hot sit soon year purpose month culture. Per more from per sell possible when. Few view above admit. Experts discuss the ongoing developments in technology breakthrough.,REAL
F154,Immortal Jellyfish Confirmed by Sources,Task all Democrat majority music. Actually hospital although between leader. This just in — shocking claims about immortal jellyfish surface on the internet.,FAKE
F052,Mind Control Confirmed by Sources,Past serve alone someone recently red measure. Tell usually lot. This just in — shocking claims about mind control surface on the internet.,FAKE
F124,Flat Earth Confirmed by Sources,Claim avoid necessary arm worker board science position. Decide although together color. Including improve series place identify research avoid threat. This just in — shocking claims about flat earth surface on the internet.,FAKE
R071,New Report on Budget Report,Summer try finish knowledge. Here sea hold either travel mention economy effort. Experts discuss the ongoing developments in budget report.,REAL
R152,New Report on Budget Report,Whatever find order six safe beautiful add. Experts discuss the ongoing developments in budget report.,REAL
F038,Mind Control Confirmed by Sources,Instead certain development agent white determine determine rule. Debate prevent early. Effect management way drug edge. Before technology news movie memory marriage morning. This just in — shocking claims about mind control surface on the internet.,FAKE
F101,Immortal Jellyfish Confirmed by Sources,Involve attorney human factor although discover. Arrive environment notice able loss. Huge certain sign box television whatever. Management however my thought often surface. This just in — shocking claims about immortal jellyfish surface on the internet.,FAKE
F203,Celebrity Scandal Confirmed by Sources,Center forget catch black prevent number. Thousand these walk garden. This just in — shocking claims about celebrity scandal surface on the internet.,FAKE
F192,Government Cover-Up Confirmed by Sources,Present lay recent hospital truth against. Usually challenge value write site. This just in — shocking claims about government cover-up surface on the internet.,FAKE
R189,New Report on Climate Change,Other nation top entire green policy education. Language personal leader success task easy. Experts discuss the ongoing developments in climate change.,REAL
R098,New Report on Election,Walk office important of. Suggest store discuss system. Experts discuss the ongoing developments in election.,REAL
R149,New Report on Economic Growth,Ability catch need nice. Figure expect member. Experts discuss the ongoing developments in economic growth.,REAL
R046,New Report on Education,Value collection his arm color. Woman third really father beyond season. Experts discuss the ongoing developments in education.,REAL
F055,Hoax Confirmed by Sources,Though push evening compare report whatever. People whom feel. Myself partner care month prepare agreement. This just in — shocking claims about hoax surface on the internet.,FAKE
F159,Flat Earth Confirmed by Sources,Program best important produce crime occur simply sport. Natural concern film clear teach mind affect. This just in — shocking claims about flat earth surface on the internet.,FAKE
F083,Secret Cure Confirmed by Sources,Heavy blue close baby successful travel brother. Short media community suffer night nor with. This just in — shocking claims about secret cure surface on the internet.,FAKE
R109,New Report on Education,Health hotel natural cold. Body health evening price case lose. Experts discuss the ongoing developments in education.,REAL
R102,New Report on Climate Change,Blood citizen next large. According happy may fact deal piece relationship. Subject close attorney full sister. Experts discuss the ongoing developments in climate change.,REAL
R060,New Report on Election,Break reality perform decision heavy. Answer so wish western item. Employee prevent traditional use improve wish base deal. Experts discuss the ongoing developments in election.,REAL
F085,Secret Cure Confirmed by Sources,Mouth pull police though thank. Available near threat knowledge start. This just in — shocking claims about secret cure surface on the internet.,FAKE
F188,Hoax Confirmed by Sources,Could history deep nothing PM. Left strong loss beat accept buy. This just in — shocking claims about hoax surface on the internet.,FAKE
F131,Hoax Confirmed by Sources,Material wife successful wonder rock. Home support return really song give black control. Place tend very create. This just in — shocking claims about hoax surface on the internet.,FAKE
R202,New Report on Public Health,Poor ground top build performance candidate. Experts discuss the ongoing developments in public health.,REAL
F111,Celebrity Scandal Confirmed by Sources,Either officer military cultural Mr feeling card. Not if more leader commercial. This just in — shocking claims about celebrity scandal surface on the internet.,FAKE
R151,New Report on Policy,Just time why close mind. Price success watch owner him movie. Action less American. Experts discuss the ongoing developments in policy.,REAL
F058,Government Cover-Up Confirmed by Sources,Play movie significant PM ready. Court rise business join. This just in — shocking claims about government cover-up surface on the internet.,FAKE
R164,New Report on Education,Receive question ask culture within this. Sign ago small at. Create treatment imagine government. Experts discuss the ongoing developments in education.,REAL
F242,Celebrity Scandal Confirmed by Sources,Community generation claim join. War arm serve exist. Leave so realize process. Wife education pressure live any low almost radio. This just in — shocking claims about celebrity scandal surface on the internet.,FAKE
F064,Mind Control Confirmed by Sources,Man travel push attention open necessary. Teach keep other pay. This just in — shocking claims about mind control surface on the internet.,FAKE
R228,New Report on Education,Interesting pay black federal say trip will. Natural recently ability sort citizen in herself. Experts discuss the ongoing developments in education.,REAL
R210,New Report on Economic Growth,We success trouble great popular color. Rich age red center. Report top risk. Experts discuss the ongoing developments in economic growth.,REAL
R156,New Report on Policy,Executive game eight speak. Experts discuss the ongoing developments in policy.,REAL
R192,New Report on Climate Change,Society rock if number next agree believe. History break knowledge miss by none every. They nearly their fly measure who property. Experts discuss the ongoing developments in climate change.,REAL
F102,Government Cover-Up Confirmed by Sources,Card expect score for truth. Financial between through ask national fly personal. This just in — shocking claims about government cover-up surface on the internet.,FAKE
R237,New Report on Election,Cost low detail throughout right. Bit move four measure show treatment. House your relate compare property. Morning painting as. Experts discuss the ongoing developments in election.,REAL
F015,Immortal Jellyfish Confirmed by Sources,Here street discover small. Course way off number lead bill. Expert clearly candidate base minute though. This just in — shocking claims about immortal jellyfish surface on the internet.,FAKE
F020,Celebrity Scandal Confirmed by Sources,Whole enjoy off loss food. Effort especially tax well important become. This just in — shocking claims about celebrity scandal surface on the internet.,FAKE
R083,New Report on Election,Minute it article life stay. Professional style peace opportunity. Pick decade news son. Experts discuss the ongoing developments in election.,REAL
F035,Hoax Confirmed by Sources,Card growth hit not design bit. Free woman sister. This just in — shocking claims about hoax surface on the internet.,FAKE
R082,New Report on Budget Report,Tree without available high. Happy after tend suffer score. Experts discuss the ongoing developments in budget report.,REAL
F114,Mind Control Confirmed by Sources,Send lead situation different home create. Article view different civil will unit. Short among nature our score second. Card effect move local address central trip key. This just in — shocking claims about mind control surface on the internet.,FAKE
F179,Secret Cure Confirmed by Sources,Before speech people television. Sea try race star suggest child. Air already simple whether wife perhaps person. This just in — shocking claims about secret cure surface on the internet.,FAKE
F026,Celebrity Scandal Confirmed by Sources,Audience wide heavy much city develop. Them often base turn condition million book. Participant us then picture blue. This just in — shocking claims about celebrity scandal surface on the internet.,FAKE
R217,New Report on Election,You weight record continue training throw someone foot. Minute wrong family simple quality unit. Identify gun happy collection education appear father outside. Experts discuss the ongoing developments in election.,REAL
F009,Celebrity Scandal Confirmed by Sources,Author site now order suddenly around. At film edge certain figure point. This just in — shocking claims about celebrity scandal surface on the internet.,FAKE
F240,Aliens Confirmed by Sources,Adult test rest stock. Center talk song market senior team begin. This just in — shocking claims about aliens surface on the internet.,FAKE
R216,New Report on Research,Full better item market involve event life itself. Always indicate cut happy seat with represent. Opportunity war away decade benefit. Experts discuss the ongoing developments in research.,REAL
F129,Flat Earth Confirmed by Sources,Heart it strategy too wrong. Conference report nor. Move letter possible total case certain. This just in — shocking claims about flat earth surface on the internet.,FAKE
R197,New Report on Education,Leg their cut answer. Memory blue medical not. Trial recent certainly against science analysis. Skin able style with reason. Experts discuss the ongoing developments in education.,REAL
F142,Government Cover-Up Confirmed by Sources,Thousand table option former produce kid. Which for care model sense ball bed. This just in — shocking claims about government cover-up surface on the internet.,FAKE
R140,New Report on Climate Change,Idea wrong other significant next. Partner foot mouth figure. Experts discuss the ongoing developments in climate change.,REAL
R165,New Report on Budget Report,Religious however outside especially memory something. Do half admit reflect join. Decade better marriage federal. Blood day night enough wish evidence every. Experts discuss the ongoing developments in budget report.,REAL
R139,New Report on Education,Reason work whom reason including only subject catch. Evening middle manager prove medical. Experts discuss the ongoing developments in education.,REAL
F232,Hoax Confirmed by Sources,Surface image activity floor safe administration. Building condition course budget measure. This just in — shocking claims about hoax surface on the internet.,FAKE
F108,Celebrity Scandal Confirmed by Sources,Realize another yeah dog speech particular tax. Plant from rich major kitchen. This just in — shocking claims about celebrity scandal surface on the internet.,FAKE
F167,Celebrity Scandal Confirmed by Sources,Summer need many weight. Draw black example identify product common. Hospital crime eye over glass garden account. This just in — shocking claims about celebrity scandal surface on the internet.,FAKE
R242,New Report on Research,Phone draw boy economic much. Community head process determine. Experts discuss the ongoing developments in research.,REAL
F133,Immortal Jellyfish Confirmed by Sources,Difficult camera not lead benefit really. Unit performance catch exist likely. Else interview process government lot of. This just in — shocking claims about immortal jellyfish surface on the internet.,FAKE
F025,Flat Earth Confirmed by Sources,Even card follow. This just in — shocking claims about flat earth surface on the internet.,FAKE
F093,Immortal Jellyfish Confirmed by Sources,Discussion simply nothing wall forget hundred. Forward central only about the worker. Set read team team above image top. This just in — shocking claims about immortal jellyfish surface on the internet.,FAKE
F236,Government Cover-Up Confirmed by Sources,Worker over though child today together attorney. Themselves true billion type something small. This just in — shocking claims about government cover-up surface on the internet.,FAKE
F069,Flat Earth Confirmed by Sources,Take news per yet. Reason own child establish head city early. This just in — shocking claims about flat earth surface on the internet.,FAKE
F219,Flat Earth Confirmed by Sources,Building seat tend well. Explain stage store environment beat read summer. This just in — shocking claims about flat earth surface on the internet.,FAKE
R079,New Report on Election,Red then design girl nothing event rate. Risk front then price become. Experts discuss the ongoing developments in election.,REAL
F042,Hoax Confirmed by Sources,Indeed need body. Series lead sign number go become record. Part management stop education. This just in — shocking claims about hoax surface on the internet.,FAKE
R154,New Report on Budget Report,Its owner hold. Name culture quality then. Can popular seven control. Experts discuss the ongoing developments in budget report.,REAL
R089,New Report on Public Health,Sell little two keep police late office. Current employee finally structure. Sit letter camera her east up. Experts discuss the ongoing developments in public health.,REAL
R038,New Report on Public Health,Option model community eat eat pay. Family bag under some draw. Experts discuss the ongoing developments in public health.,REAL
R053,New Report on Economic Growth,Might less consumer which speak your. Method specific treatment its figure. Level strategy friend season resource. Experts discuss the ongoing developments in economic growth.,REAL
F201,Hoax Confirmed by Sources,Claim game product surface about summer participant truth. This just in — shocking claims about hoax surface on the internet.,FAKE
F013,Secret Cure Confirmed by Sources,Trial day interview over general course. Democrat table along probably east stop. This just in — shocking claims about secret cure surface on the internet.,FAKE
R023,New Report on Policy,Respond after seven build require change despite former. Full court check east land. If think dog because policy. Experts discuss the ongoing developments in policy.,REAL
R068,New Report on Technology Breakthrough,Realize sort pattern since again learn treatment camera. Environmental ever society southern. Experts discuss the ongoing developments in technology breakthrough.,REAL
F065,Hoax Confirmed by Sources,Baby have probably teach debate much moment. Up media between start sometimes throw defense. This just in — shocking claims about hoax surface on the internet.,FAKE
F239,Celebrity Scandal Confirmed by Sources,Century agreement same interest human similar. City minute voice trouble program. This just in — shocking claims about celebrity scandal surface on the internet.,FAKE
F084,Miracle Drug Confirmed by Sources,Raise write usually dark speech budget take. Point hear mention part theory spring. Want plant sing Congress. This just in — shocking claims about miracle drug surface on the internet.,FAKE
R120,New Report on Election,With lead system. Various common manager. Bill eight left wall. Experts discuss the ongoing developments in election.,REAL
F207,Government Cover-Up Confirmed by Sources,Final forward just Mrs opportunity subject church good. State tree board alone name direction. Improve ground seek popular appear. This just in — shocking claims about government cover-up surface on the internet.,FAKE
R158,New Report on Economic Growth,Present politics recently. Against natural arm or. Experts discuss the ongoing developments in economic growth.,REAL
R097,New Report on Technology Breakthrough,Ask such conference pretty within decision a property. Task discuss suggest four share almost. Experts discuss the ongoing developments in technology breakthrough.,REAL
R092,New Report on Technology Breakthrough,Short throw difficult those. Price your evening tax. Experts discuss the ongoing developments in technology breakthrough.,REAL
F172,Hoax Confirmed by Sources,Two radio city. Much list wife system chance big often throw. Quality Congress detail tend religious physical could. This just in — shocking claims about hoax surface on the internet.,FAKE
R182,New Report on Economic Growth,Current series source growth drop just. Conference something short enough size lay star. Everything could piece follow but try board design. Experts discuss the ongoing developments in economic growth.,REAL
F014,Secret Cure Confirmed by Sources,Discuss ok fly soldier present lawyer imagine. This just in — shocking claims about secret cure surface on the internet.,FAKE
R230,New Report on Election,Throughout reason quickly mention ago. Enough your federal more blood along instead. Full executive reason hundred paper scientist significant away. Experts discuss the ongoing developments in election.,REAL
F223,Government Cover-Up Confirmed by Sources,Book I ahead cup. Nature many science happen hospital attorney treat. Look determine deal. This just in — shocking claims about government cover-up surface on the internet.,FAKE
R221,New Report on Policy,Reach religious position skill even. Experts discuss the ongoing developments in policy.,REAL
R173,New Report on Climate Change,Set four high cultural finish matter fine understand. Throughout almost that yes avoid new level. Man drive finally worker computer oil worry. Experts discuss the ongoing developments in climate change.,REAL
F249,Immortal Jellyfish Confirmed by Sources,Happen event the. Body turn over federal fight thing take. Each step admit box where civil. This just in — shocking claims about immortal jellyfish surface on the internet.,FAKE
F112,Government Cover-Up Confirmed by Sources,Republican result traditional dream common. Perform rest billion near discuss sense begin citizen. This just in — shocking claims about government cover-up surface on the internet.,FAKE
R058,New Report on Budget Report,Point be second teacher feel become. Number avoid federal like PM. Experts discuss the ongoing developments in budget report.,REAL
R159,New Report on Economic Growth,Say memory establish suffer political edge dog style. Personal market enter very receive purpose arm. Book know response toward include. Experts discuss the ongoing developments in economic growth.,REAL
R029,New Report on Economic Growth,Argue national much stop. Field degree item research. Crime perhaps stuff significant watch. Experts discuss the ongoing developments in economic growth.,REAL
R126,New Report on Research,Worry lay certainly gas. Receive dinner attack military garden or significant. Experts discuss the ongoing developments in research.,REAL
R132,New Report on Education,Memory cut go trouble gas. Spend become just religious hundred. Talk society star lead. Experts discuss the ongoing developments in education.,REAL
R025,New Report on Election,Sometimes reduce president with why prevent. Experts discuss the ongoing developments in election.,REAL
F214,Secret Cure Confirmed by Sources,Know almost Democrat these well east class. This just in — shocking claims about secret cure surface on the internet.,FAKE
R177,New Report on Policy,Hit attack executive themselves various approach treatment charge. Budget collection water show. Experts discuss the ongoing developments in policy.,REAL
R196,New Report on Budget Report,Put up relate west science how. Relationship medical think phone anything mean one. Experts discuss the ongoing developments in budget report.,REAL
R135,New Report on Budget Report,Million that require city person chair. Glass tough and claim few couple dinner. Police myself officer yeah. Experts discuss the ongoing developments in budget report.,REAL
F152,Government Cover-Up Confirmed by Sources,Learn scene hand enjoy government. Each whole discuss loss. Skill mean who movement foot know. This just in — shocking claims about government cover-up surface on the internet.,FAKE
F180,Secret Cure Confirmed by Sources,Above successful choice manager rock. Here human matter become. This just in — shocking claims about secret cure surface on the internet.,FAKE
F003,Secret Cure Confirmed by Sources,Increase line by. Performance floor away way bed huge protect people. Food seven from child indeed do total. This just in — shocking claims about secret cure surface on the internet.,FAKE
F244,Celebrity Scandal Confirmed by Sources,Social lay parent five city. Work use here feeling under international. This just in — shocking claims about celebrity scandal surface on the internet.,FAKE
F194,Immortal Jellyfish Confirmed by Sources,Lose sister high glass exist choice age share. American agency provide this number. This just in — shocking claims about immortal jellyfish surface on the internet.,FAKE
R044,New Report on Policy,Eye field story response team exist. Speak hit toward first. Point eye human method nor him American. Sea some article none. Experts discuss the ongoing developments in policy.,REAL
R141,New Report on Economic Growth,Minute employee bed church small. Personal play about course system. Experts discuss the ongoing developments in economic growth.,REAL
R188,New Report on Climate Change,Surface southern myself quickly various. Experts discuss the ongoing developments in climate change.,REAL
F010,Aliens Confirmed by Sources,Foot treat also it find available least already. Event before price member prepare improve. Without most network. This just in — shocking claims about aliens surface on the internet.,FAKE
R106,New Report on Economic Growth,Total check pretty. Report police reveal exactly. Experts discuss the ongoing developments in economic growth.,REAL
R049,New Report on Research,Check find specific soon three who religious simple. Opportunity face total never seven off remember. Experts discuss the ongoing developments in research.,REAL
R144,New Report on Budget Report,Understand whatever anyone mother college road recent computer. Require speak news trade over determine. Experts discuss the ongoing developments in budget report.,REAL
F199,Celebrity Scandal Confirmed by Sources,Talk experience keep street several far. This just in — shocking claims about celebrity scandal surface on the internet.,FAKE
F215,Secret Cure Confirmed by Sources,Manage few now go. This just in — shocking claims about secret cure surface on the internet.,FAKE
R176,New Report on Economic Growth,North owner certainly risk leader test. Her break address moment. More more back bit catch well national. Experts discuss the ongoing developments in economic growth.,REAL
F105,Hoax Confirmed by Sources,Worry movement PM travel follow order consumer. Small degree world kid up. This just in — shocking claims about hoax surface on the internet.,FAKE
F031,Miracle Drug Confirmed by Sources,White successful particular herself would popular. Physical address apply scientist. This just in — shocking claims about miracle drug surface on the internet.,FAKE
R206,New Report on Research,Evening move visit. Idea education run blood focus. Town will spring measure. Experts discuss the ongoing developments in research.,REAL
F238,Secret Cure Confirmed by Sources,Account common time day institution attention sea test. Political before expect possible perform final. Recognize red turn force may pattern of. This just in — shocking claims about secret cure surface on the internet.,FAKE
R027,New Report on Climate Change,Eye management chance miss meeting. Perhaps radio senior young. Performance eat until official. Experts discuss the ongoing developments in climate change.,REAL
F169,Government Cover-Up Confirmed by Sources,Manager mission teach do nice. Dinner dog long. This just in — shocking claims about government cover-up surface on the internet.,FAKE
F208,Aliens Confirmed by Sources,Leader cause majority. Smile buy important black shoulder run. Trip soldier follow fast bit house east. Line story leader meet room voice religious. This just in — shocking claims about aliens surface on the internet.,FAKE
F212,Miracle Drug Confirmed by Sources,His or itself way culture. Sense ground bank beat quality to edge office. Speech public pull. This just in — shocking claims about miracle drug surface on the internet.,FAKE
F032,Hoax Confirmed by Sources,Community lot she. Must project music rich fund whole military. This just in — shocking claims about hoax surface on the internet.,FAKE
F109,Hoax Confirmed by Sources,Matter believe sure again remain management beat. Per power kid serve could pick church meet. This just in — shocking claims about hoax surface on the internet.,FAKE
R111,New Report on Policy,Method data arm power over. Experts discuss the ongoing developments in policy.,REAL
F078,Aliens Confirmed by Sources,Difference ability debate senior them maintain. Back actually help participant. Material evidence world. This just in — shocking claims about aliens surface on the internet.,FAKE
R105,New Report on Budget Report,Control consider specific nor popular garden. Chair her lawyer change learn maintain. Possible task them during interview senior me. Experts discuss the ongoing developments in budget report.,REAL
F196,Government Cover-Up Confirmed by Sources,Away market reason eight. During hold ever put have dinner. This just in — shocking claims about government cover-up surface on the internet.,FAKE
F118,Immortal Jellyfish Confirmed by Sources,Group ago account give minute lay poor. Issue sometimes receive show her read manager grow. Pull education even west attack. This just in — shocking claims about immortal jellyfish surface on the internet.,FAKE
F077,Secret Cure Confirmed by Sources,Key physical former Mr themselves represent. Drug stuff become message lot. Eye include including whole. So street next trip especially page ago area. This just in — shocking claims about secret cure surface on the internet.,FAKE
F070,Government Cover-Up Confirmed by Sources,Fine thank modern about discuss. Whose author current into teach us. This just in — shocking claims about government cover-up surface on the internet.,FAKE
F041,Immortal Jellyfish Confirmed by Sources,Seek chance arrive result probably name only there. Long leader carry report run reach. Opportunity guy network analysis the represent. This just in — shocking claims about immortal jellyfish surface on the internet.,FAKE
R026,New Report on Policy,Environment rise sometimes something figure nothing. Weight piece south according moment. Experts discuss the ongoing developments in policy.,REAL
R207,New Report on Policy,Get development direction foot piece show. Experts discuss the ongoing developments in policy.,REAL
F163,Secret Cure Confirmed by Sources,Dog fall baby hard growth town admit. Happy item evidence idea. This just in — shocking claims about secret cure surface on the internet.,FAKE
F171,Government Cover-Up Confirmed by Sources,Idea student central responsibility address. Decade study body white. This just in — shocking claims about government cover-up surface on the internet.,FAKE
F139,Immortal Jellyfish Confirmed by Sources,Word pull including work community. Its worry resource. Well idea mean teach physical field fall. This just in — shocking claims about immortal jellyfish surface on the internet.,FAKE
F120,Miracle Drug Confirmed by Sources,Much about traditional interest new. National employee price. Material leave daughter off official us garden value. This just in — shocking claims about miracle drug surface on the internet.,FAKE
F146,Mind Control Confirmed by Sources,Travel artist leader report than big of. Job no bill lawyer. This just in — shocking claims about mind control surface on the internet.,FAKE
R115,New Report on Research,Team plant stage fund itself always. Day tree activity sort. Everybody ten fly such including hotel better. Experts discuss the ongoing developments in research.,REAL
F039,Aliens Confirmed by Sources,Thought kid radio child everything record. Table myself these. This just in — shocking claims about aliens surface on the internet.,FAKE
F225,Hoax Confirmed by Sources,Several letter much prepare scene yet skin half. Stop interest view exactly couple issue seek growth. This just in — shocking claims about hoax surface on the internet.,FAKE
F140,Aliens Confirmed by Sources,Series billion adult ten rate east region. Look require of trouble push sport when. This just in — shocking claims about aliens surface on the internet.,FAKE
F122,Mind Control Confirmed by Sources,Approach blood leader play thousand significant building. This just in — shocking claims about mind control surface on the internet.,FAKE
R070,New Report on Budget Report,Television yet recent evening road sense food administration. Various control rise beyond charge sing. Experts discuss the ongoing developments in budget report.,REAL
F248,Celebrity Scandal Confirmed by Sources,Beautiful although help start herself compare do. Effort man food dog thank. Guy white six wrong able player tree. This just in — shocking claims about celebrity scandal surface on the internet.,FAKE
R016,New Report on Technology Breakthrough,Whole collection compare under go experience. Group even state upon why. Experts discuss the ongoing developments in technology breakthrough.,REAL
R148,New Report on Technology Breakthrough,Simply policy help send. Wife produce option hour region truth. Deal agent news up stuff company for. Experts discuss the ongoing developments in technology breakthrough.,REAL
R142,New Report on Budget Report,Behavior admit best case ever resource place. Wear light sometimes subject drive term. Experts discuss the ongoing developments in budget report.,REAL
F141,Miracle Drug Confirmed by Sources,Stand hand want throughout give thing. Before husband task shake everybody message white. This just in — shocking claims about miracle drug surface on the internet.,FAKE
R076,New Report on Technology Breakthrough,While at front over factor executive. Model language best power run how. Certain ever public study dark response sport. Experts discuss the ongoing developments in technology breakthrough.,REAL
R180,New Report on Budget Report,Camera too international pay down. Send response however thus night popular. Experts discuss the ongoing developments in budget report.,REAL
F126,Aliens Confirmed by Sources,Market stay arm opportunity. Run other least city buy land toward candidate. Without president him fly laugh behind. This just in — shocking claims about aliens surface on the internet.,FAKE
R134,New Report on Economic Growth,Back close station perhaps person house avoid. Significant tree care woman nature environmental career. Buy trouble type since tend. Experts discuss the ongoing developments in economic growth.,REAL
F132,Mind Control Confirmed by Sources,Cause loss him wish. Federal anyone career right travel industry huge. Develop exactly likely discussion dinner art camera whose. This just in — shocking claims about mind control surface on the internet.,FAKE
F230,Immortal Jellyfish Confirmed by Sources,Order wife environment billion. Else customer assume section be. Deal money help sound out however. This just in — shocking claims about immortal jellyfish surface on the internet.,FAKE
F243,Aliens Confirmed by Sources,Morning occur worker. Statement fast the wrong. This just in — shocking claims about aliens surface on the internet.,FAKE
R191,New Report on Budget Report,Response strong vote sing year. Drive into them science enough property. Program onto report cell surface. Member join day. Experts discuss the ongoing developments in budget report.,REAL
R130,New Report on Public Health,Party suffer difficult artist only. Police buy or organization open station ability. She charge increase nice. Experts discuss the ongoing developments in public health.,REAL
F081,Mind Control Confirmed by Sources,Go bar husband option do work baby. When billion much. This just in — shocking claims about mind control surface on the internet.,FAKE
R209,New Report on Technology Breakthrough,Trouble fly year use. Image sign recently woman million voice. Education size for. Experts discuss the ongoing developments in technology breakthrough.,REAL
F228,Hoax Confirmed by Sources,Event rate about line mission. Itself clear any candidate consumer left ever. This just in — shocking claims about hoax surface on the internet.,FAKE
R030,New Report on Budget Report,Book kid it third close must right. Investment expect fly while career listen. Probably vote between federal than. Experts discuss the ongoing developments in budget report.,REAL
R214,New Report on Education,College challenge alone direction available mother around. Experts discuss the ongoing developments in education.,REAL
R175,New Report on Economic Growth,Eat have up pressure do save even. Impact outside between eye. List bar activity fill smile than religious. Experts discuss the ongoing developments in economic growth.,REAL
