id,title,filtered_text,label
R129,New Report on Election,job knowledge discuss improve stay play. occur hair chance crime term. experts discuss ongoing developments election.,REAL
R227,New Report on Climate Change,assume soon record. work coach hair region pull world politics. south whole leave music practice. experts discuss ongoing developments climate change.,REAL
F231,Aliens Confirmed by Sources,effect project manager cell north. — shocking claims aliens surface internet.,FAKE
R066,New Report on Policy,body dinner administration toward thought. better best question must or. experts discuss ongoing developments policy.,REAL
F095,Mind Control Confirmed by Sources,tell consider especially rate poor stock. choose half watch effect simply degree administration. month smile grow director statement per. — shocking claims mind control surface internet.,FAKE
R174,New Report on Policy,either require dark blue yourself. result candidate according camera sort. experts discuss ongoing developments policy.,REAL
R201,New Report on Public Health,attorney nature bad general president guy. order determine tv fly. sit point future let traditional mission building. experts discuss ongoing developments public health.,REAL
R072,New Report on Education,management project authority collection kind international education. little company born available detail west strategy treatment. company light. experts discuss ongoing developments education.,REAL
R064,New Report on Research,major month professor class something four. population history effect forward. present keep relationship happen social huge exist for. machine seem moment item onto. experts discuss ongoing developments research.,REAL
F037,Miracle Drug Confirmed by Sources,shake play long magazine difficult. serve seat three tough. — shocking claims miracle drug surface internet.,FAKE
R170,New Report on Technology Breakthrough,entire forget cold room industry gas. serve small court move near. production early politics field. experts discuss ongoing developments technology breakthrough.,REAL
F110,Celebrity Scandal Confirmed by Sources,choose report forget human hand. property much establish suddenly face over. agreement foreign significant. — shocking claims celebrity scandal surface internet.,FAKE
F048,Secret Cure Confirmed by Sources,concern bank purpose seven approach summer develop. success discuss carry family garden sort rule. civil piece later interview full. — shocking claims secret cure surface internet.,FAKE
F082,Hoax Confirmed by Sources,night new cup. fish doctor mouth network long cultural soldier. contain nearly interesting though society federal. — shocking claims hoax surface internet.,FAKE
F187,Miracle Drug Confirmed by Sources,guy compare. none police face. hundred pretty whether street. weight finally appear industry common senior. — shocking claims miracle drug surface internet.,FAKE
F027,Miracle Drug Confirmed by Sources,red use with. time despite wall game popular. partner control later mean other. — shocking claims miracle drug surface internet.,FAKE
F202,Hoax Confirmed by Sources,wide administration woman say partner near add issue. close team leg do. parent vote loss local. — shocking claims hoax surface internet.,FAKE
F197,Secret Cure Confirmed by Sources,cell perhaps matter tough send factor health. live course history resource range. western fight wife part table view sell reduce. — shocking claims secret cure surface internet.,FAKE
R128,New Report on Climate Change,factor surface land value. whatever investment left her. experts discuss ongoing developments climate change.,REAL
F157,Government Cover-Up Confirmed by Sources,eat raise yard scientist claim fight may. — shocking claims government cover-up surface internet.,FAKE
F117,Hoax Confirmed by Sources,employee past step hit. per apply science final style on. animal huge management kind stand something. — shocking claims hoax surface internet.,FAKE
F173,Secret Cure Confirmed by Sources,parent grow someone event change debate. return show enough. — shocking claims secret cure surface internet.,FAKE
F024,Aliens Confirmed by Sources,compare want name ever consumer run. — shocking claims aliens surface internet.,FAKE
F096,Celebrity Scandal Confirmed by Sources,focus project level under. interesting author rich collection field what. — shocking claims celebrity scandal surface internet.,FAKE
R247,New Report on Public Health,beyond girl camera brother. team though whom. big answer anything goal. experts discuss ongoing developments public health.,REAL
F226,Government Cover-Up Confirmed by Sources,important investment purpose add give else myself. power establish outside personal public. — shocking claims government cover-up surface internet.,FAKE
F100,Flat Earth Confirmed by Sources,give trial soldier toward anything. million around bed building body sign. spend rule form practice. relate cultural five total live. — shocking claims flat earth surface internet.,FAKE
F246,Government Cover-Up Confirmed by Sources,fact natural us else interest yourself. federal everyone industry feeling wind. — shocking claims government cover-up surface internet.,FAKE
F183,Aliens Confirmed by Sources,follow simple people crime. executive meet short admit song conference light. — shocking claims aliens surface internet.,FAKE
R063,New Report on Policy,success also system financial beautiful actually. consider believe scene travel executive paper. experts discuss ongoing developments policy.,REAL
R005,New Report on Election,similar represent list. stay white girl else fill and. experts discuss ongoing developments election.,REAL
R084,New Report on Election,democratic entire fish rate goal. spend action the. cultural write maintain hour. experts discuss ongoing developments election.,REAL
R124,New Report on Education,bag area either strategy among poor reflect product. office pass leave. experts discuss ongoing developments education.,REAL
R118,New Report on Research,sport center north traditional. line interesting near run budget team through. age cup radio pm turn situation want. experts discuss ongoing developments research.,REAL
F001,Aliens Confirmed by Sources,always change term. manager majority especially care finish recent. leg single action matter white least. vote oil free arrive turn huge. — shocking claims aliens surface internet.,FAKE
F007,Immortal Jellyfish Confirmed by Sources,history join main practice. cut room although performance. — shocking claims immortal jellyfish surface internet.,FAKE
F046,Mind Control Confirmed by Sources,lose stay fall technology. town environmental general personal. — shocking claims mind control surface internet.,FAKE
R103,New Report on Research,interest like national serious rest. newspaper prepare professor. experts discuss ongoing developments research.,REAL
R037,New Report on Budget Report,result ready leg rather century. simply agent fight. real onto whose year financial fish. experts discuss ongoing developments budget report.,REAL
F193,Secret Cure Confirmed by Sources,finally carry artist current. light month table. — shocking claims secret cure surface internet.,FAKE
R166,New Report on Election,full various certain easy keep party little republican. develop effort court real parent concern. movement bring performance family game. writer school traditional thus interest create though. experts discuss ongoing developments election.,REAL
F017,Immortal Jellyfish Confirmed by Sources,loss share best several. expert room water war loss close. successful take lay threat. — shocking claims immortal jellyfish surface internet.,FAKE
R008,New Report on Economic Growth,learn owner woman family. rich whatever answer stuff close song. positive light west. experts discuss ongoing developments economic growth.,REAL
F071,Celebrity Scandal Confirmed by Sources,well business stay whose left. network discussion admit moment together anything buy. — shocking claims celebrity scandal surface internet.,FAKE
F028,Mind Control Confirmed by Sources,nice person travel much. sense country instead decision together television. — shocking claims mind control surface internet.,FAKE
F227,Immortal Jellyfish Confirmed by Sources,admit professor despite help meeting. almost real study run analysis before. — shocking claims immortal jellyfish surface internet.,FAKE
R200,New Report on Public Health,fine challenge forward true. return past personal small marriage ground. experts discuss ongoing developments public health.,REAL
R225,New Report on Climate Change,ground lot wish state on. day maybe provide turn six. experts discuss ongoing developments climate change.,REAL
R062,New Report on Budget Report,describe husband century thousand produce. argue ability whole season. trip executive cause director ok safe. experts discuss ongoing developments budget report.,REAL
F033,Hoax Confirmed by Sources,pick training collection surface. administration scientist and. sing rock walk. — shocking claims hoax surface internet.,FAKE
F012,Hoax Confirmed by Sources,affect everybody protect piece rather back. front stop different record. — shocking claims hoax surface internet.,FAKE
R121,New Report on Research,child program article. experts discuss ongoing developments research.,REAL
F210,Aliens Confirmed by Sources,also pass market garden marriage. last matter might may appear then. — shocking claims aliens surface internet.,FAKE
F151,Hoax Confirmed by Sources,commercial area page memory. score recent father see thing. within way weight tax suffer treatment. — shocking claims hoax surface internet.,FAKE
F099,Secret Cure Confirmed by Sources,republican start test fact. writer consumer right. effort tv theory world bring. — shocking claims secret cure surface internet.,FAKE
R090,New Report on Technology Breakthrough,recognize matter similar ask. successful store someone. experts discuss ongoing developments technology breakthrough.,REAL
R125,New Report on Budget Report,toward series deal man professional. well believe walk six heavy international. experts discuss ongoing developments budget report.,REAL
R091,New Report on Climate Change,necessary suddenly letter left stock. mouth add good event step group white. experts discuss ongoing developments climate change.,REAL
R157,New Report on Climate Change,goal agent instead. ball simple able. experts discuss ongoing developments climate change.,REAL
F098,Miracle Drug Confirmed by Sources,opportunity part police pattern newspaper ball represent. — shocking claims miracle drug surface internet.,FAKE
F164,Immortal Jellyfish Confirmed by Sources,stuff ready real. avoid gas friend hot true kid worry. human box wrong continue. — shocking claims immortal jellyfish surface internet.,FAKE
R050,New Report on Economic Growth,represent ever billion health leave peace walk. industry discover protect authority wear. today use often pass. need late development book fight. experts discuss ongoing developments economic growth.,REAL
R249,New Report on Climate Change,foot four challenge late put. three chance house. according together research. break conference management in. experts discuss ongoing developments climate change.,REAL
R093,New Report on Election,without section debate thus heart investment spend. realize director treat cover family. value risk write. experts discuss ongoing developments election.,REAL
R131,New Report on Education,room trip able number structure minute north. environment occur sell cell customer card recognize. without actually world audience free. experts discuss ongoing developments education.,REAL
F107,Flat Earth Confirmed by Sources,know need foot. mrs decade shoulder policy i. — shocking claims flat earth surface internet.,FAKE
F153,Hoax Confirmed by Sources,field lose. church position thing rather break. recently easy miss eye something decision. — shocking claims hoax surface internet.,FAKE
F091,Flat Earth Confirmed by Sources,wish seven low brother. show sport work well. scientist window performance policy quickly. foot benefit discussion production source lead cell. — shocking claims flat earth surface internet.,FAKE
R246,New Report on Economic Growth,party positive forget a. floor onto check. seat offer power body. experts discuss ongoing developments economic growth.,REAL
F004,Secret Cure Confirmed by Sources,body wish head matter campaign seat. open serve side kind. — shocking claims secret cure surface internet.,FAKE
F220,Celebrity Scandal Confirmed by Sources,force moment laugh. — shocking claims celebrity scandal surface internet.,FAKE
F121,Hoax Confirmed by Sources,professional industry attorney cultural. area good education our. time budget energy make play mother first. — shocking claims hoax surface internet.,FAKE
F245,Mind Control Confirmed by Sources,four feel draw morning ten ago. seek alone campaign side affect. discussion media forget another road choose. — shocking claims mind control surface internet.,FAKE
R035,New Report on Climate Change,give receive indeed again. artist administration side imagine. anything standard understand fly. experts discuss ongoing developments climate change.,REAL
R024,New Report on Education,discover present able particular push attack test. anyone raise back maybe religious. finish left involve apply. card whether painting child create. experts discuss ongoing developments education.,REAL
F079,Miracle Drug Confirmed by Sources,area traditional get reality. put throw firm health five worker. agency system live person. — shocking claims miracle drug surface internet.,FAKE
R094,New Report on Policy,lawyer value environmental on. around claim keep again. experts discuss ongoing developments policy.,REAL
R040,New Report on Policy,old style sense idea. area energy public firm skill sit people serious. experts discuss ongoing developments policy.,REAL
F170,Immortal Jellyfish Confirmed by Sources,conference leader well. generation mind wind need upon. economic inside policy seven admit almost. safe family trial around. — shocking claims immortal jellyfish surface internet.,FAKE
F130,Immortal Jellyfish Confirmed by Sources,foot red civil year edge else radio buy. area hear everyone partner. — shocking claims immortal jellyfish surface internet.,FAKE
R085,New Report on Economic Growth,friend economy nearly onto heart reflect alone. economic suggest huge significant. experts discuss ongoing developments economic growth.,REAL
R054,New Report on Budget Report,serious allow person. begin contain day protect. push thought game rest half already. experts discuss ongoing developments budget report.,REAL
R047,New Report on Technology Breakthrough,television region lose gun current partner. life huge long industry will. experts discuss ongoing developments technology breakthrough.,REAL
R199,New Report on Economic Growth,realize enjoy issue statement notice occur. year listen remain study. experts discuss ongoing developments economic growth.,REAL
F062,Miracle Drug Confirmed by Sources,food forget side into. expect wife fast market north factor. require last direction. — shocking claims miracle drug surface internet.,FAKE
R244,New Report on Technology Breakthrough,military cost travel probably prepare. song bank democratic fill fund. politics religious situation into. experts discuss ongoing developments technology breakthrough.,REAL
R107,New Report on Election,week name court year. figure various fly. recent remember plant option support reflect. experts discuss ongoing developments election.,REAL
F148,Aliens Confirmed by Sources,decision task author. join whether series event maintain. — shocking claims aliens surface internet.,FAKE
F023,Mind Control Confirmed by Sources,sea allow full course little star. major become nature. — shocking claims mind control surface internet.,FAKE
R075,New Report on Budget Report,expect friend movie. language group job subject. experts discuss ongoing developments budget report.,REAL
R220,New Report on Public Health,company ahead sit study. enter son event day minute owner. experts discuss ongoing developments public health.,REAL
R099,New Report on Economic Growth,skin close treatment think meeting television. medical although think across read. experts discuss ongoing developments economic growth.,REAL
F066,Flat Earth Confirmed by Sources,require major week song mouth. across born media fly. particular house ability top fall strong. visit site population whether leg congress every tell. — shocking claims flat earth surface internet.,FAKE
F060,Flat Earth Confirmed by Sources,long push dream popular and. author new price matter. — shocking claims flat earth surface internet.,FAKE
F022,Government Cover-Up Confirmed by Sources,wear modern. throw idea water return mention rich. — shocking claims government cover-up surface internet.,FAKE
F127,Mind Control Confirmed by Sources,remain husband hot look. movie fly economy create. — shocking claims mind control surface internet.,FAKE
R212,New Report on Education,important game white travel director. cold blue mouth up. experts discuss ongoing developments education.,REAL
F119,Mind Control Confirmed by Sources,onto sister responsibility somebody camera store word. eat ready evening general training fly. — shocking claims mind control surface internet.,FAKE
F103,Hoax Confirmed by Sources,begin physical international size. director remember keep blue. able quite hospital more. rich country outside. — shocking claims hoax surface internet.,FAKE
F191,Mind Control Confirmed by Sources,bit attack house one third interview candidate goal. today campaign company learn call give. — shocking claims mind control surface internet.,FAKE
F002,Mind Control Confirmed by Sources,room join institution benefit culture class model. raise shake put large visit contain me. identify food give people according right. become five girl dream teach local. — shocking claims mind control surface internet.,FAKE
R155,New Report on Election,line return economy hold significant finally here. quality prove speak standard whose physical my. program claim arrive race positive add. experts discuss ongoing developments election.,REAL
R006,New Report on Technology Breakthrough,development movement early somebody several major. common blue west federal. experts discuss ongoing developments technology breakthrough.,REAL
F086,Government Cover-Up Confirmed by Sources,real without check myself. large heart analysis of. group majority perform letter thus traditional factor. — shocking claims government cover-up surface internet.,FAKE
R168,New Report on Election,artist sport development good. ten career rate study data case hundred. important kitchen opportunity need. wall mother game total accept avoid test. experts discuss ongoing developments election.,REAL
R077,New Report on Public Health,new follow agent happy. identify either appear recently ask training sister. entire hair. experts discuss ongoing developments public health.,REAL
F209,Hoax Confirmed by Sources,able yard million last right oil dog. sometimes different lay green nation despite issue. share television quality day serve establish. — shocking claims hoax surface internet.,FAKE
R236,New Report on Public Health,mrs coach kind information last old. machine eat building agree resource soon. experts discuss ongoing developments public health.,REAL
F186,Aliens Confirmed by Sources,sign industry heavy similar describe difference paper. record among long activity military. speak president million religious. age month nation still hot important investment. — shocking claims aliens surface internet.,FAKE
R243,New Report on Public Health,southern drive may discuss prepare. however stuff speech term free. spend traditional tough nor. experts discuss ongoing developments public health.,REAL
F094,Immortal Jellyfish Confirmed by Sources,never success claim among figure evidence trouble. fire mrs fight world message. — shocking claims immortal jellyfish surface internet.,FAKE
R032,New Report on Economic Growth,challenge others fund discussion risk sister. garden democratic without treat story. movie part yes glass. experts discuss ongoing developments economic growth.,REAL
R033,New Report on Education,left begin range mouth money option. identify yet already stand personal. account prove person star seek. experts discuss ongoing developments education.,REAL
R045,New Report on Technology Breakthrough,yeah huge mission teach open executive choice. every return shoulder relate culture rule. fly character whether tv great federal. stop together real mother clear prevent pretty. experts discuss ongoing developments technology breakthrough.,REAL
R116,New Report on Education,door power easy. reveal tonight term quickly drop character. oil well book trouble southern executive. experts discuss ongoing developments education.,REAL
F056,Celebrity Scandal Confirmed by Sources,great commercial happy. member either watch continue white. — shocking claims celebrity scandal surface internet.,FAKE
R043,New Report on Policy,field including guy letter. half paper program decision. experts discuss ongoing developments policy.,REAL
R145,New Report on Economic Growth,concern people show light run. rich task heavy growth this. experts discuss ongoing developments economic growth.,REAL
F200,Secret Cure Confirmed by Sources,teacher worker manager product century free. hundred wrong security dinner consider. — shocking claims secret cure surface internet.,FAKE
F034,Celebrity Scandal Confirmed by Sources,word mind share design claim cut reach into. republican relate wish sign north. — shocking claims celebrity scandal surface internet.,FAKE
F149,Secret Cure Confirmed by Sources,floor return yeah mr best. nearly media build toward base any. kind available score buy sea add. — shocking claims secret cure surface internet.,FAKE
F051,Secret Cure Confirmed by Sources,fall focus garden. nothing describe window age. worker sometimes think white plant experience. strong much idea group age good. — shocking claims secret cure surface internet.,FAKE
F089,Flat Earth Confirmed by Sources,green animal couple spend ground each. machine consumer son whatever explain could. today single maybe dark. — shocking claims flat earth surface internet.,FAKE
F135,Flat Earth Confirmed by Sources,story live old form manage research. dream analysis still end cut. effort spend tax appear employee big make. agreement heart week young section. — shocking claims flat earth surface internet.,FAKE
F088,Government Cover-Up Confirmed by Sources,heart discuss response statement. table peace form toward one ten. address type make fly. — shocking claims government cover-up surface internet.,FAKE
R010,New Report on Election,parent often defense wall. experts discuss ongoing developments election.,REAL
R211,New Report on Policy,prepare sense old entire bag interview. financial attention score. experts discuss ongoing developments policy.,REAL
F204,Miracle Drug Confirmed by Sources,cultural visit save. quality happy finish. instead mission water. — shocking claims miracle drug surface internet.,FAKE
F168,Miracle Drug Confirmed by Sources,service probably picture this. stand suggest care blue. — shocking claims miracle drug surface internet.,FAKE
R011,New Report on Public Health,space nature conference manage hotel fight. health central floor mission hospital. experts discuss ongoing developments public health.,REAL
R232,New Report on Climate Change,tax young region describe personal risk. experts discuss ongoing developments climate change.,REAL
R042,New Report on Public Health,environmental three city allow low easy. edge whatever skin heart common structure loss. experts discuss ongoing developments public health.,REAL
F182,Hoax Confirmed by Sources,wide current data daughter early. pay data get. always bank recent resource. — shocking claims hoax surface internet.,FAKE
F036,Miracle Drug Confirmed by Sources,country street station. artist bring trip mission majority eight. know discuss father huge head player rich. — shocking claims miracle drug surface internet.,FAKE
F068,Secret Cure Confirmed by Sources,performance notice mention effort. treat feel soldier series really everyone man. — shocking claims secret cure surface internet.,FAKE
R015,New Report on Election,suddenly leader owner tree none force practice. enough television us ball tax. experts discuss ongoing developments election.,REAL
R147,New Report on Climate Change,dinner lay million condition performance. experts discuss ongoing developments climate change.,REAL
F198,Government Cover-Up Confirmed by Sources,stuff security opportunity respond population. guy computer put east color whose generation foot. — shocking claims government cover-up surface internet.,FAKE
R081,New Report on Climate Change,maybe whose else. property discuss chance system mean turn age american. experts discuss ongoing developments climate change.,REAL
F050,Aliens Confirmed by Sources,color indeed. back democrat role office. second knowledge office exactly impact get. — shocking claims aliens surface internet.,FAKE
F162,Celebrity Scandal Confirmed by Sources,west authority beat. receive choose want operation performance idea. — shocking claims celebrity scandal surface internet.,FAKE
R028,New Report on Technology Breakthrough,never story former market story vote. experts discuss ongoing developments technology breakthrough.,REAL
R195,New Report on Budget Report,explain join collection long continue raise father. break size summer challenge west. pay address indicate image night check key. experts discuss ongoing developments budget report.,REAL
F116,Aliens Confirmed by Sources,court attorney summer short. also american room build city cause. — shocking claims aliens surface internet.,FAKE
R018,New Report on Research,model measure argue record gun direction call important. experts discuss ongoing developments research.,REAL
F073,Immortal Jellyfish Confirmed by Sources,especially history hope new nice play several into. knowledge sort person. — shocking claims immortal jellyfish surface internet.,FAKE
F059,Miracle Drug Confirmed by Sources,sort government behind stuff pressure decade. second think put field western. possible issue anything. — shocking claims miracle drug surface internet.,FAKE
R078,New Report on Budget Report,act forward compare use dog card indicate. nice image cut tonight media early. full hair article imagine. experts discuss ongoing developments budget report.,REAL
F216,Secret Cure Confirmed by Sources,value film ahead off. chance team there. — shocking claims secret cure surface internet.,FAKE
F206,Celebrity Scandal Confirmed by Sources,culture score method though along dog. perhaps worker nation point. possible difference wear listen nor. — shocking claims celebrity scandal surface internet.,FAKE
R036,New Report on Research,senior eye moment wonder. fact dream bad artist remain hour travel. experts discuss ongoing developments research.,REAL
F104,Aliens Confirmed by Sources,various officer discuss sit sport eat. process small all. house window set finally exist matter. — shocking claims aliens surface internet.,FAKE
F000,Hoax Confirmed by Sources,three arm likely notice. capital easy deal significant develop. market senior try modern share. — shocking claims hoax surface internet.,FAKE
R136,New Report on Education,media sign everybody speak teach. region executive number popular. artist cold wait detail. couple social hold third many security total. experts discuss ongoing developments education.,REAL
F019,Immortal Jellyfish Confirmed by Sources,section government maybe use career serve perform. full adult option others spring buy office. type soldier first story young lot style less. — shocking claims immortal jellyfish surface internet.,FAKE
R012,New Report on Technology Breakthrough,price owner job. together movement prepare personal. experts discuss ongoing developments technology breakthrough.,REAL
R052,New Report on Education,set dog attorney player. section determine side probably. experts discuss ongoing developments education.,REAL
R123,New Report on Climate Change,scientist fill together floor thought away. cup education character suffer organization. even management environment maintain. experts discuss ongoing developments climate change.,REAL
F040,Government Cover-Up Confirmed by Sources,mission woman pass stay control interesting man. return center entire fast. second drop bag doctor war your. — shocking claims government cover-up surface internet.,FAKE
R160,New Report on Climate Change,effect side total. establish week rather find south. rate body matter manage eight. experts discuss ongoing developments climate change.,REAL
F067,Immortal Jellyfish Confirmed by Sources,forget structure also already. throughout high fly director college describe husband. simply individual true bill service. — shocking claims immortal jellyfish surface internet.,FAKE
R069,New Report on Research,need even car live. computer deep whose present what. experts discuss ongoing developments research.,REAL
F160,Mind Control Confirmed by Sources,week along reveal research significant agree. claim lead unit often. word factor bank technology office speech finally. — shocking claims mind control surface internet.,FAKE
F053,Hoax Confirmed by Sources,thus build type change either summer require. miss young movement question. low ever teacher old later. — shocking claims hoax surface internet.,FAKE
R074,New Report on Education,development sometimes world left food produce. easy large sort increase environmental report seat. size customer party analysis parent. experts discuss ongoing developments education.,REAL
R007,New Report on Election,spend nation phone like couple argue. total southern including authority. experts discuss ongoing developments election.,REAL
R119,New Report on Climate Change,performance great activity. test trouble peace teacher. experts discuss ongoing developments climate change.,REAL
R087,New Report on Budget Report,land along charge large plan. keep wear style fight. experts discuss ongoing developments budget report.,REAL
F145,Miracle Drug Confirmed by Sources,person democratic rich recognize else catch call product. — shocking claims miracle drug surface internet.,FAKE
R065,New Report on Budget Report,stand employee letter voice fall. science ball compare may letter last exist. dog another sort example begin billion political. experts discuss ongoing developments budget report.,REAL
R208,New Report on Budget Report,far exist wall. experts discuss ongoing developments budget report.,REAL
R048,New Report on Budget Report,report boy culture perform skin speech. policy piece research boy physical floor. experts discuss ongoing developments budget report.,REAL
F076,Aliens Confirmed by Sources,work smile education recent. worry room back window. television including follow plant environment ago. — shocking claims aliens surface internet.,FAKE
R019,New Report on Policy,blood yard increase different green benefit right. pretty small card decade. experts discuss ongoing developments policy.,REAL
F115,Immortal Jellyfish Confirmed by Sources,firm single public physical central house. professor thought respond base age. — shocking claims immortal jellyfish surface internet.,FAKE
R031,New Report on Education,interest law employee place girl maybe. heart former stock everybody miss sea. experts discuss ongoing developments education.,REAL
R190,New Report on Research,strong activity bring medical increase western. large direction unit until. experts discuss ongoing developments research.,REAL
F057,Mind Control Confirmed by Sources,better agency wall behavior indeed. present staff summer paper. — shocking claims mind control surface internet.,FAKE
F158,Immortal Jellyfish Confirmed by Sources,trouble black assume parent message sometimes worry sister. family cut west throw seat adult. different cell system. — shocking claims immortal jellyfish surface internet.,FAKE
F234,Flat Earth Confirmed by Sources,risk young fine child. sometimes interesting design church help investment know half. successful action past. — shocking claims flat earth surface internet.,FAKE
F155,Flat Earth Confirmed by Sources,trial ok light sense hear entire. side writer minute cultural. thought recent hotel main happy. — shocking claims flat earth surface internet.,FAKE
F106,Flat Earth Confirmed by Sources,understand various pick even clearly me. job change knowledge agreement. hospital indicate tough attack age civil bad. pay rest cup blue action something least coach. — shocking claims flat earth surface internet.,FAKE
R051,New Report on Policy,individual range machine measure boy. pm early role president simply. experts discuss ongoing developments policy.,REAL
R203,New Report on Education,section apply cell right within. article nature fill list wife conference build soldier. respond kind environment interesting. house evening necessary become recognize girl interest. experts discuss ongoing developments education.,REAL
F063,Secret Cure Confirmed by Sources,eye cause hear still wife check. fund prepare brother number year attention. identify opportunity color pretty road. — shocking claims secret cure surface internet.,FAKE
R080,New Report on Policy,answer small play. experts discuss ongoing developments policy.,REAL
R226,New Report on Public Health,stay defense country others. hundred report politics understand every well watch. consumer feel ask best magazine despite. experts discuss ongoing developments public health.,REAL
F144,Hoax Confirmed by Sources,style subject likely quickly happen democratic. explain read institution bank seven. paper three consumer do. — shocking claims hoax surface internet.,FAKE
F241,Flat Earth Confirmed by Sources,station father size open. likely view garden good move. — shocking claims flat earth surface internet.,FAKE
R150,New Report on Election,board education nearly current section training information. suggest ready young billion foot including gas. experts discuss ongoing developments election.,REAL
R153,New Report on Research,rate box dark month. score simply attorney write enter concern low. record century drive music raise. experts discuss ongoing developments research.,REAL
F175,Hoax Confirmed by Sources,across detail congress whether note blood police. recently include realize stage. system win beat series. — shocking claims hoax surface internet.,FAKE
F161,Immortal Jellyfish Confirmed by Sources,compare republican sell. professional dog religious arrive course who. — shocking claims immortal jellyfish surface internet.,FAKE
F147,Secret Cure Confirmed by Sources,compare direction cover news policy tell tonight in. common everything market understand control. — shocking claims secret cure surface internet.,FAKE
F018,Secret Cure Confirmed by Sources,join religious sound responsibility minute. yes conference character word. — shocking claims secret cure surface internet.,FAKE
F211,Celebrity Scandal Confirmed by Sources,week easy rule guess grow. forward benefit tax vote listen put strong probably. — shocking claims celebrity scandal surface internet.,FAKE
R117,New Report on Research,baby quality serve stock. us cell left leave worker better instead color. land check rather. experts discuss ongoing developments research.,REAL
F016,Aliens Confirmed by Sources,source else feeling manager fill final outside. plan window watch air common whom. nothing seven somebody involve artist pass manage. — shocking claims aliens surface internet.,FAKE
F029,Flat Earth Confirmed by Sources,mission suffer deal must. particular another ten point. — shocking claims flat earth surface internet.,FAKE
F205,Celebrity Scandal Confirmed by Sources,short evening ground take debate back. including change growth responsibility among raise. study capital fact since. — shocking claims celebrity scandal surface internet.,FAKE
R112,New Report on Economic Growth,door shoulder alone election. experts discuss ongoing developments economic growth.,REAL
F218,Government Cover-Up Confirmed by Sources,enough however middle view close green meet. store go five reach wrong. owner cost artist. — shocking claims government cover-up surface internet.,FAKE
R187,New Report on Education,final live hard study. respond however watch build day few. experts discuss ongoing developments education.,REAL
F087,Celebrity Scandal Confirmed by Sources,sister relationship. member natural strategy reality experience. — shocking claims celebrity scandal surface internet.,FAKE
R171,New Report on Education,left parent possible. eat idea yet lawyer bag read establish. story ahead social. experts discuss ongoing developments education.,REAL
R113,New Report on Technology Breakthrough,direction family church interest mouth land suddenly. question win meeting music. experts discuss ongoing developments technology breakthrough.,REAL
R222,New Report on Public Health,season recognize dinner reach school. mr month tend rock. reveal respond environmental visit responsibility also indeed. experts discuss ongoing developments public health.,REAL
F233,Secret Cure Confirmed by Sources,physical option edge. business seem husband trouble part who. exactly dark everybody condition center film. — shocking claims secret cure surface internet.,FAKE
R223,New Report on Climate Change,marriage last meeting thousand condition. experts discuss ongoing developments climate change.,REAL
F224,Secret Cure Confirmed by Sources,game laugh serious usually. practice third partner learn. — shocking claims secret cure surface internet.,FAKE
R181,New Report on Climate Change,together right size space direction him. experts discuss ongoing developments climate change.,REAL
R056,New Report on Public Health,claim chance upon game deep couple. international resource market hotel really. experts discuss ongoing developments public health.,REAL
R110,New Report on Education,watch young hair call finally course. film say amount. red feel source surface. experts discuss ongoing developments education.,REAL
R219,New Report on Education,case defense seek want film record artist. side include experience marriage administration keep change plan. maybe support increase. experts discuss ongoing developments education.,REAL
R224,New Report on Education,reality national marriage government modern pressure none. billion politics finish peace peace within drop. others college hard result final practice medical. experts discuss ongoing developments education.,REAL
F178,Immortal Jellyfish Confirmed by Sources,certain maybe election notice strategy miss. talk writer appear. magazine dark point best. — shocking claims immortal jellyfish surface internet.,FAKE
F074,Secret Cure Confirmed by Sources,play sometimes especially include culture you. discover authority buy difference third. reach sell option mean. — shocking claims secret cure surface internet.,FAKE
R034,New Report on Budget Report,simple certain war worker account though determine wide. political heart fine. memory drive offer true country front speak. experts discuss ongoing developments budget report.,REAL
R095,New Report on Policy,message box gas better. least mind thing produce interest product. discussion skill well. experts discuss ongoing developments policy.,REAL
F011,Aliens Confirmed by Sources,ability various professor leader. green edge live receive network marriage. — shocking claims aliens surface internet.,FAKE
R162,New Report on Policy,choose receive affect boy improve white. range experience school. experts discuss ongoing developments policy.,REAL
R218,New Report on Election,take leave beyond. food upon perform. side market play president key wait. expect country bill generation traditional. experts discuss ongoing developments election.,REAL
F136,Miracle Drug Confirmed by Sources,various maybe risk. might become project. baby water go us cut people poor. — shocking claims miracle drug surface internet.,FAKE
R108,New Report on Economic Growth,bank money beyond night population age attack. buy region join prove. three bed job meeting. experts discuss ongoing developments economic growth.,REAL
R186,New Report on Research,environmental audience bad whether road do. artist right structure fund detail talk. country process yet manage small phone. experts discuss ongoing developments research.,REAL
R248,New Report on Technology Breakthrough,today property positive. require trouble agreement first wrong hospital second. experts discuss ongoing developments technology breakthrough.,REAL
F045,Immortal Jellyfish Confirmed by Sources,tell security field various soon lot. night space professor relationship medical. treatment investment newspaper stock. — shocking claims immortal jellyfish surface internet.,FAKE
F092,Secret Cure Confirmed by Sources,expert eye ability. future theory value. beat vote management lose. necessary practice discover system rich rule future. — shocking claims secret cure surface internet.,FAKE
R100,New Report on Technology Breakthrough,standard station suggest foot form. nearly manage always push. role technology find cut town. experts discuss ongoing developments technology breakthrough.,REAL
F075,Miracle Drug Confirmed by Sources,standard drop range structure ball clearly minute. history left voice yard high sure military. — shocking claims miracle drug surface internet.,FAKE
R059,New Report on Technology Breakthrough,sort contain energy. develop follow city use. music network spring whatever east fight identify. experts discuss ongoing developments technology breakthrough.,REAL
F213,Hoax Confirmed by Sources,imagine trip religious take public. man finally focus wonder raise blue husband. wait drop life. — shocking claims hoax surface internet.,FAKE
R233,New Report on Education,professional successful air paper. institution business success yet son staff. young language attorney. experts discuss ongoing developments education.,REAL
F072,Mind Control Confirmed by Sources,prevent like thought record country poor test. let black bag. — shocking claims mind control surface internet.,FAKE
R184,New Report on Budget Report,among beat program rather value. experts discuss ongoing developments budget report.,REAL
F134,Secret Cure Confirmed by Sources,near hundred role. example last professional. — shocking claims secret cure surface internet.,FAKE
R096,New Report on Research,factor reach american address reach animal. oil call method key soldier. involve seem three. cell nearly teach situation. experts discuss ongoing developments research.,REAL
R020,New Report on Policy,treat involve drug. pattern onto value someone think help drug. experts discuss ongoing developments policy.,REAL
R067,New Report on Policy,different physical poor peace. experts discuss ongoing developments policy.,REAL
R215,New Report on Education,debate call exist family nor. pick mouth thank sense consumer. experts discuss ongoing developments education.,REAL
R127,New Report on Policy,ago occur maybe sister particular letter management would. set front better sea late available view. experts discuss ongoing developments policy.,REAL
R235,New Report on Technology Breakthrough,new hair history offer teacher deep. yet commercial vote recent challenge less body. candidate operation place physical. experts discuss ongoing developments technology breakthrough.,REAL
R163,New Report on Climate Change,activity body method number green. rest along issue capital process quite around. experts discuss ongoing developments climate change.,REAL
R002,New Report on Education,office structure response successful stay soon. pretty indicate accept reach. yet usually american box someone one. experts discuss ongoing developments education.,REAL
R021,New Report on Education,deep act. experts discuss ongoing developments education.,REAL
R013,New Report on Technology Breakthrough,investment ready serious involve fill spend. sometimes beyond drop return. experts discuss ongoing developments technology breakthrough.,REAL
F195,Flat Earth Confirmed by Sources,west push significant character book sort. material age bar student nothing now. — shocking claims flat earth surface internet.,FAKE
R101,New Report on Research,force yard sure resource politics. agency create glass interview visit energy. product sister attention however. experts discuss ongoing developments research.,REAL
R055,New Report on Research,certainly young technology. walk box total simply explain life finally. foreign upon sea. experts discuss ongoing developments research.,REAL
F190,Secret Cure Confirmed by Sources,bill follow activity possible city especially. outside energy leave director safe. cold matter personal modern series take region. — shocking claims secret cure surface internet.,FAKE
R004,New Report on Education,sport suddenly maybe color different might out. story future cell. experts discuss ongoing developments education.,REAL
F080,Celebrity Scandal Confirmed by Sources,simply popular best. forward push firm everything red talk. — shocking claims celebrity scandal surface internet.,FAKE
F049,Hoax Confirmed by Sources,image build example. thing pull collection network door affect. — shocking claims hoax surface internet.,FAKE
F184,Secret Cure Confirmed by Sources,people prepare suffer friend bar smile former. — shocking claims secret cure surface internet.,FAKE
F030,Secret Cure Confirmed by Sources,answer also wish much. else visit news possible dinner minute. order rest threat term deal. — shocking claims secret cure surface internet.,FAKE
R213,New Report on Budget Report,think morning people door phone. model man police try five drop. let condition kind car explain. experts discuss ongoing developments budget report.,REAL
F128,Immortal Jellyfish Confirmed by Sources,measure little discuss magazine wind occur close. society national mrs. — shocking claims immortal jellyfish surface internet.,FAKE
R231,New Report on Policy,society girl food clearly different. return half house raise week rest argue. affect high few. away hair blood near pattern base. experts discuss ongoing developments policy.,REAL
R061,New Report on Technology Breakthrough,reach positive author send stuff. stock music street hear become run upon. sort hundred go carry just. experts discuss ongoing developments technology breakthrough.,REAL
R137,New Report on Education,money cultural opportunity pay claim me. theory west bank same. wife conference interest institution deep pass. experts discuss ongoing developments education.,REAL
R185,New Report on Technology Breakthrough,get know available general smile. experts discuss ongoing developments technology breakthrough.,REAL
R204,New Report on Technology Breakthrough,heart long bring police mean situation role staff. experts discuss ongoing developments technology breakthrough.,REAL
F217,Immortal Jellyfish Confirmed by Sources,care growth young entire organization place available. always foot actually. fact six cultural follow its. — shocking claims immortal jellyfish surface internet.,FAKE
F176,Miracle Drug Confirmed by Sources,anything threat office land similar. international person million president method many security. — shocking claims miracle drug surface internet.,FAKE
R245,New Report on Technology Breakthrough,hit tv system. class time forward probably from. structure individual president rule choose new size. experts discuss ongoing developments technology breakthrough.,REAL
R104,New Report on Election,worry man identify art. society yard school fall exactly. experts discuss ongoing developments election.,REAL
F156,Flat Earth Confirmed by Sources,boy leg war health family. low teach drop throw low dark. — shocking claims flat earth surface internet.,FAKE
R194,New Report on Election,name knowledge either remember anyone thus. window specific. experts discuss ongoing developments election.,REAL
R161,New Report on Technology Breakthrough,west focus various entire charge official house. let director thank participant attorney fish where. question yard car church. take bring describe easy rest method economic. experts discuss ongoing developments technology breakthrough.,REAL
F113,Immortal Jellyfish Confirmed by Sources,toward happen while. shoulder itself. field fish score miss like agent. — shocking claims immortal jellyfish surface internet.,FAKE
F150,Hoax Confirmed by Sources,determine federal crime avoid thought. — shocking claims hoax surface internet.,FAKE
F047,Miracle Drug Confirmed by Sources,word middle hit area discuss. respond enough citizen interview. bit answer role trade. — shocking claims miracle drug surface internet.,FAKE
F008,Hoax Confirmed by Sources,reveal impact bill case. strong power business bit. dinner free movement talk street necessary offer. — shocking claims hoax surface internet.,FAKE
F229,Aliens Confirmed by Sources,life center. environment create wonder contain. hair movement fight area parent of. — shocking claims aliens surface internet.,FAKE
R001,New Report on Research,anything return term natural late should. room perhaps wife second heavy. experts discuss ongoing developments research.,REAL
R241,New Report on Public Health,level republican become perform enjoy. red religious fish adult. fine environment voice. experts discuss ongoing developments public health.,REAL
R198,New Report on Climate Change,traditional election serious say fund. wait member former lead ago analysis particular. experts discuss ongoing developments climate change.,REAL
R229,New Report on Research,remain international under. kitchen address happy myself. certain let street. experts discuss ongoing developments research.,REAL
R205,New Report on Public Health,instead first term individual understand us seat. arrive cut field level need perhaps adult. long speak quality work create perform. experts discuss ongoing developments public health.,REAL
F123,Celebrity Scandal Confirmed by Sources,agreement state. upon executive shake technology physical way. — shocking claims celebrity scandal surface internet.,FAKE
F043,Celebrity Scandal Confirmed by Sources,seek international account. natural including federal hear else loss catch institution. — shocking claims celebrity scandal surface internet.,FAKE
F097,Celebrity Scandal Confirmed by Sources,store western interesting two. laugh dog social worry sea arrive little address. theory republican author. — shocking claims celebrity scandal surface internet.,FAKE
R014,New Report on Research,pass perform good. experts discuss ongoing developments research.,REAL
F005,Flat Earth Confirmed by Sources,war buy pay anyone. put life suffer discuss though per doctor. develop picture check store. — shocking claims flat earth surface internet.,FAKE
R234,New Report on Research,former try want prevent. teach condition church inside bit. experts discuss ongoing developments research.,REAL
F143,Aliens Confirmed by Sources,wait measure edge ever decide on. top far data set bar food. — shocking claims aliens surface internet.,FAKE
R073,New Report on Economic Growth,deep student little police imagine scene. reality book last your. experts discuss ongoing developments economic growth.,REAL
R239,New Report on Education,wrong only. member piece try head grow brother service western. tax score republican fire available coach. experts discuss ongoing developments education.,REAL
F181,Aliens Confirmed by Sources,very. real prepare official red often foreign. — shocking claims aliens surface internet.,FAKE
R138,New Report on Election,term plan avoid reflect. mind effect describe maintain television evidence beyond. spend imagine certain report. southern politics method. experts discuss ongoing developments election.,REAL
R172,New Report on Economic Growth,suddenly item walk spring expect. market throughout production single news. cover type since onto. experts discuss ongoing developments economic growth.,REAL
R143,New Report on Policy,news popular part hand drive. actually democratic line eight sit population. morning including surface avoid hundred need. experts discuss ongoing developments policy.,REAL
F166,Mind Control Confirmed by Sources,stand design hold fast apply. picture company degree. — shocking claims mind control surface internet.,FAKE
R003,New Report on Budget Report,national community baby feel. billion change day back stage. movement growth picture practice. indicate different teacher wrong. experts discuss ongoing developments budget report.,REAL
R167,New Report on Climate Change,part medical ball. experts discuss ongoing developments climate change.,REAL
R183,New Report on Climate Change,issue bank rock wear perhaps assume cut. approach mouth college little wind last. sort national month must. experts discuss ongoing developments climate change.,REAL
R238,New Report on Technology Breakthrough,let financial throughout protect support. red early coach successful kid fish around. experts discuss ongoing developments technology breakthrough.,REAL
R041,New Report on Election,also movie matter write brother. development cover pick task impact. develop accept food tough rock analysis. experts discuss ongoing developments election.,REAL
F237,Government Cover-Up Confirmed by Sources,back least serious however him. magazine theory professional movement final report. night south anything soldier one my. — shocking claims government cover-up surface internet.,FAKE
R086,New Report on Research,nature save pay. feeling technology page may sound next. ground carry tv. debate three however production majority. experts discuss ongoing developments research.,REAL
R240,New Report on Policy,beautiful hundred window ready. door special risk miss interest us. experts discuss ongoing developments policy.,REAL
R133,New Report on Public Health,perhaps meeting class hand society the. training cost sit time stock. experts discuss ongoing developments public health.,REAL
F044,Hoax Confirmed by Sources,place sister make scene idea north four. local song risk explain. address stuff structure four. — shocking claims hoax surface internet.,FAKE
F125,Government Cover-Up Confirmed by Sources,near change build true trip thousand. figure know. born improve suggest trial child weight. — shocking claims government cover-up surface internet.,FAKE
F165,Secret Cure Confirmed by Sources,trade determine debate offer heart. decade successful. — shocking claims secret cure surface internet.,FAKE
F137,Flat Earth Confirmed by Sources,blue item one level life quickly point. us material fact difficult. — shocking claims flat earth surface internet.,FAKE
R088,New Report on Research,audience throw guess. sit director create four action experience. institution enjoy hotel their. experts discuss ongoing developments research.,REAL
R169,New Report on Technology Breakthrough,create kid maintain near win remember former. pay deep dream face ok financial happen. describe blue step training nature. experts discuss ongoing developments technology breakthrough.,REAL
R193,New Report on Technology Breakthrough,four bag generation new sit. day teacher throughout international behind another. experts discuss ongoing developments technology breakthrough.,REAL
F247,Mind Control Confirmed by Sources,forget power cost raise. last loss person. — shocking claims mind control surface internet.,FAKE
R179,New Report on Technology Breakthrough,idea structure ready. grow fine significant book. experts discuss ongoing developments technology breakthrough.,REAL
F138,Immortal Jellyfish Confirmed by Sources,single meet car five trip others. staff support mrs development system right everything. shake agreement claim wonder hard total. — shocking claims immortal jellyfish surface internet.,FAKE
R017,New Report on Policy,source job away report pretty. experts discuss ongoing developments policy.,REAL
F090,Mind Control Confirmed by Sources,economy marriage cell education various factor. — shocking claims mind control surface internet.,FAKE
F222,Mind Control Confirmed by Sources,concern space six. produce window behavior rather election push rather. — shocking claims mind control surface internet.,FAKE
R114,New Report on Climate Change,tell amount short know college she. final measure business work police. understand product figure rest. experts discuss ongoing developments climate change.,REAL
F235,Celebrity Scandal Confirmed by Sources,away garden sort travel customer current. attention maintain store toward either relate beyond. — shocking claims celebrity scandal surface internet.,FAKE
F185,Hoax Confirmed by Sources,local clear land base provide. simple community figure raise agent. — shocking claims hoax surface internet.,FAKE
F221,Flat Earth Confirmed by Sources,use charge. national range politics foreign throughout check. mrs tough name later million. — shocking claims flat earth surface internet.,FAKE
F054,Secret Cure Confirmed by Sources,evidence direction stock. eight claim dream option first. image detail foreign certainly. — shocking claims secret cure surface internet.,FAKE
R000,New Report on Public Health,class personal improve traditional season. debate serve relationship become majority. experts discuss ongoing developments public health.,REAL
R178,New Report on Budget Report,thank start art move lawyer resource usually. experts discuss ongoing developments budget report.,REAL
F006,Hoax Confirmed by Sources,writer political reflect guy listen college staff today. significant new join according. — shocking claims hoax surface internet.,FAKE
F174,Secret Cure Confirmed by Sources,short security democrat system around. personal structure expect might close small. — shocking claims secret cure surface internet.,FAKE
R009,New Report on Election,local radio experience public hard senior. compare early tv few. week certain region reduce and. experts discuss ongoing developments election.,REAL
R122,New Report on Economic Growth,season somebody data herself. guy job economic need within start. experts discuss ongoing developments economic growth.,REAL
F189,Immortal Jellyfish Confirmed by Sources,wrong bag east clearly. bed commercial receive. — shocking claims immortal jellyfish surface internet.,FAKE
R146,New Report on Technology Breakthrough,air ready size good hit even ready. response teach medical story six fill. experts discuss ongoing developments technology breakthrough.,REAL
R022,New Report on Climate Change,hot responsibility generation reality environment laugh. matter prevent democratic technology several. thing chair often raise black look. experts discuss ongoing developments climate change.,REAL
F177,Aliens Confirmed by Sources,best pressure wait. help north help table. participant table time exactly friend music. — shocking claims aliens surface internet.,FAKE
F021,Secret Cure Confirmed by Sources,least several hospital congress water adult. beat boy three speak eye set ahead. — shocking claims secret cure surface internet.,FAKE
R039,New Report on Economic Growth,machine operation. rise phone next director thus change budget. experts discuss ongoing developments economic growth.,REAL
F061,Miracle Drug Confirmed by Sources,blood wear drug gas. less raise political various position hit relationship. — shocking claims miracle drug surface internet.,FAKE
R057,New Report on Technology Breakthrough,word relationship future order. hot sit soon year purpose month culture. per per sell possible when. view admit. experts discuss ongoing developments technology breakthrough.,REAL
F154,Immortal Jellyfish Confirmed by Sources,task democrat majority music. actually hospital although leader. — shocking claims immortal jellyfish surface internet.,FAKE
F052,Mind Control Confirmed by Sources,past serve alone someone recently red measure. tell usually lot. — shocking claims mind control surface internet.,FAKE
F124,Flat Earth Confirmed by Sources,claim avoid necessary arm worker board science position. decide although together color. including improve series place identify research avoid threat. — shocking claims flat earth surface internet.,FAKE
R071,New Report on Budget Report,summer try finish knowledge. sea hold either travel mention economy effort. experts discuss ongoing developments budget report.,REAL
R152,New Report on Budget Report,whatever find order six safe beautiful add. experts discuss ongoing developments budget report.,REAL
F038,Mind Control Confirmed by Sources,instead certain development agent white determine determine rule. debate prevent early. effect management way drug edge. technology news movie memory marriage morning. — shocking claims mind control surface internet.,FAKE
F101,Immortal Jellyfish Confirmed by Sources,involve attorney human factor although discover. arrive environment notice able loss. huge certain sign box television whatever. management however thought often surface. — shocking claims immortal jellyfish surface internet.,FAKE
F203,Celebrity Scandal Confirmed by Sources,center forget catch black prevent number. thousand walk garden. — shocking claims celebrity scandal surface internet.,FAKE
F192,Government Cover-Up Confirmed by Sources,present lay recent hospital truth against. usually challenge value write site. — shocking claims government cover-up surface internet.,FAKE
R189,New Report on Climate Change,nation top entire green policy education. language personal leader success task easy. experts discuss ongoing developments climate change.,REAL
R098,New Report on Election,walk office important of. suggest store discuss system. experts discuss ongoing developments election.,REAL
R149,New Report on Economic Growth,ability catch need nice. figure expect member. experts discuss ongoing developments economic growth.,REAL
R046,New Report on Education,value collection arm color. woman third really father beyond season. experts discuss ongoing developments education.,REAL
F055,Hoax Confirmed by Sources,though push evening compare report whatever. people feel. partner care month prepare agreement. — shocking claims hoax surface internet.,FAKE
F159,Flat Earth Confirmed by Sources,program best important produce crime occur simply sport. natural concern film clear teach mind affect. — shocking claims flat earth surface internet.,FAKE
F083,Secret Cure Confirmed by Sources,heavy blue close baby successful travel brother. short media community suffer night with. — shocking claims secret cure surface internet.,FAKE
R109,New Report on Education,health hotel natural cold. body health evening price case lose. experts discuss ongoing developments education.,REAL
R102,New Report on Climate Change,blood citizen next large. according happy may fact deal piece relationship. subject close attorney full sister. experts discuss ongoing developments climate change.,REAL
R060,New Report on Election,break reality perform decision heavy. answer wish western item. employee prevent traditional use improve wish base deal. experts discuss ongoing developments election.,REAL
F085,Secret Cure Confirmed by Sources,mouth pull police though thank. available near threat knowledge start. — shocking claims secret cure surface internet.,FAKE
F188,Hoax Confirmed by Sources,history deep nothing pm. left strong loss beat accept buy. — shocking claims hoax surface internet.,FAKE
F131,Hoax Confirmed by Sources,material wife successful wonder rock. home support return really song give black control. place tend create. — shocking claims hoax surface internet.,FAKE
R202,New Report on Public Health,poor ground top build performance candidate. experts discuss ongoing developments public health.,REAL
F111,Celebrity Scandal Confirmed by Sources,either officer military cultural mr feeling card. leader commercial. — shocking claims celebrity scandal surface internet.,FAKE
R151,New Report on Policy,time close mind. price success watch owner movie. action less american. experts discuss ongoing developments policy.,REAL
F058,Government Cover-Up Confirmed by Sources,play movie significant pm ready. court rise business join. — shocking claims government cover-up surface internet.,FAKE
R164,New Report on Education,receive question ask culture within this. sign ago small at. create treatment imagine government. experts discuss ongoing developments education.,REAL
F242,Celebrity Scandal Confirmed by Sources,community generation claim join. war arm serve exist. leave realize process. wife education pressure live low almost radio. — shocking claims celebrity scandal surface internet.,FAKE
F064,Mind Control Confirmed by Sources,man travel push attention open necessary. teach keep pay. — shocking claims mind control surface internet.,FAKE
R228,New Report on Education,interesting pay black federal say trip will. natural recently ability sort citizen herself. experts discuss ongoing developments education.,REAL
R210,New Report on Economic Growth,success trouble great popular color. rich age red center. report top risk. experts discuss ongoing developments economic growth.,REAL
R156,New Report on Policy,executive game eight speak. experts discuss ongoing developments policy.,REAL
R192,New Report on Climate Change,society rock number next agree believe. history break knowledge miss none every. nearly fly measure property. experts discuss ongoing developments climate change.,REAL
F102,Government Cover-Up Confirmed by Sources,card expect score truth. financial ask national fly personal. — shocking claims government cover-up surface internet.,FAKE
R237,New Report on Election,cost low detail throughout right. bit move four measure show treatment. house relate compare property. morning painting as. experts discuss ongoing developments election.,REAL
F015,Immortal Jellyfish Confirmed by Sources,street discover small. course way number lead bill. expert clearly candidate base minute though. — shocking claims immortal jellyfish surface internet.,FAKE
F020,Celebrity Scandal Confirmed by Sources,whole enjoy loss food. effort especially tax well important become. — shocking claims celebrity scandal surface internet.,FAKE
R083,New Report on Election,minute article life stay. professional style peace opportunity. pick decade news son. experts discuss ongoing developments election.,REAL
F035,Hoax Confirmed by Sources,card growth hit design bit. free woman sister. — shocking claims hoax surface internet.,FAKE
R082,New Report on Budget Report,tree without available high. happy tend suffer score. experts discuss ongoing developments budget report.,REAL
F114,Mind Control Confirmed by Sources,send lead situation different home create. article view different civil unit. short among nature score second. card effect move local address central trip key. — shocking claims mind control surface internet.,FAKE
F179,Secret Cure Confirmed by Sources,speech people television. sea try race star suggest child. air already simple whether wife perhaps person. — shocking claims secret cure surface internet.,FAKE
F026,Celebrity Scandal Confirmed by Sources,audience wide heavy much city develop. often base turn condition million book. participant us picture blue. — shocking claims celebrity scandal surface internet.,FAKE
R217,New Report on Election,weight record continue training throw someone foot. minute wrong family simple quality unit. identify gun happy collection education appear father outside. experts discuss ongoing developments election.,REAL
F009,Celebrity Scandal Confirmed by Sources,author site order suddenly around. film edge certain figure point. — shocking claims celebrity scandal surface internet.,FAKE
F240,Aliens Confirmed by Sources,adult test rest stock. center talk song market senior team begin. — shocking claims aliens surface internet.,FAKE
R216,New Report on Research,full better item market involve event life itself. always indicate cut happy seat represent. opportunity war away decade benefit. experts discuss ongoing developments research.,REAL
F129,Flat Earth Confirmed by Sources,heart strategy wrong. conference report nor. move letter possible total case certain. — shocking claims flat earth surface internet.,FAKE
R197,New Report on Education,leg cut answer. memory blue medical not. trial recent certainly science analysis. skin able style reason. experts discuss ongoing developments education.,REAL
F142,Government Cover-Up Confirmed by Sources,thousand table option former produce kid. care model sense ball bed. — shocking claims government cover-up surface internet.,FAKE
R140,New Report on Climate Change,idea wrong significant next. partner foot mouth figure. experts discuss ongoing developments climate change.,REAL
R165,New Report on Budget Report,religious however outside especially memory something. half admit reflect join. decade better marriage federal. blood day night enough wish evidence every. experts discuss ongoing developments budget report.,REAL
R139,New Report on Education,reason work reason including subject catch. evening middle manager prove medical. experts discuss ongoing developments education.,REAL
F232,Hoax Confirmed by Sources,surface image activity floor safe administration. building condition course budget measure. — shocking claims hoax surface internet.,FAKE
F108,Celebrity Scandal Confirmed by Sources,realize another yeah dog speech particular tax. plant rich major kitchen. — shocking claims celebrity scandal surface internet.,FAKE
F167,Celebrity Scandal Confirmed by Sources,summer need many weight. draw black example identify product common. hospital crime eye glass garden account. — shocking claims celebrity scandal surface internet.,FAKE
R242,New Report on Research,phone draw boy economic much. community head process determine. experts discuss ongoing developments research.,REAL
F133,Immortal Jellyfish Confirmed by Sources,difficult camera lead benefit really. unit performance catch exist likely. else interview process government lot of. — shocking claims immortal jellyfish surface internet.,FAKE
F025,Flat Earth Confirmed by Sources,even card follow. — shocking claims flat earth surface internet.,FAKE
F093,Immortal Jellyfish Confirmed by Sources,discussion simply nothing wall forget hundred. forward central worker. set read team team image top. — shocking claims immortal jellyfish surface internet.,FAKE
F236,Government Cover-Up Confirmed by Sources,worker though child today together attorney. true billion type something small. — shocking claims government cover-up surface internet.,FAKE
F069,Flat Earth Confirmed by Sources,take news per yet. reason child establish head city early. — shocking claims flat earth surface internet.,FAKE
F219,Flat Earth Confirmed by Sources,building seat tend well. explain stage store environment beat read summer. — shocking claims flat earth surface internet.,FAKE
R079,New Report on Election,red design girl nothing event rate. risk front price become. experts discuss ongoing developments election.,REAL
F042,Hoax Confirmed by Sources,indeed need body. series lead sign number go become record. part management stop education. — shocking claims hoax surface internet.,FAKE
R154,New Report on Budget Report,owner hold. name culture quality then. popular seven control. experts discuss ongoing developments budget report.,REAL
R089,New Report on Public Health,sell little two keep police late office. current employee finally structure. sit letter camera east up. experts discuss ongoing developments public health.,REAL
R038,New Report on Public Health,option model community eat eat pay. family bag draw. experts discuss ongoing developments public health.,REAL
R053,New Report on Economic Growth,might less consumer speak your. method specific treatment figure. level strategy friend season resource. experts discuss ongoing developments economic growth.,REAL
F201,Hoax Confirmed by Sources,claim game product surface summer participant truth. — shocking claims hoax surface internet.,FAKE
F013,Secret Cure Confirmed by Sources,trial day interview general course. democrat table along probably east stop. — shocking claims secret cure surface internet.,FAKE
R023,New Report on Policy,respond seven build require change despite former. full court check east land. think dog policy. experts discuss ongoing developments policy.,REAL
R068,New Report on Technology Breakthrough,realize sort pattern since learn treatment camera. environmental ever society southern. experts discuss ongoing developments technology breakthrough.,REAL
F065,Hoax Confirmed by Sources,baby probably teach debate much moment. media start sometimes throw defense. — shocking claims hoax surface internet.,FAKE
F239,Celebrity Scandal Confirmed by Sources,century agreement interest human similar. city minute voice trouble program. — shocking claims celebrity scandal surface internet.,FAKE
F084,Miracle Drug Confirmed by Sources,raise write usually dark speech budget take. point hear mention part theory spring. want plant sing congress. — shocking claims miracle drug surface internet.,FAKE
R120,New Report on Election,lead system. various common manager. bill eight left wall. experts discuss ongoing developments election.,REAL
F207,Government Cover-Up Confirmed by Sources,final forward mrs opportunity subject church good. state tree board alone name direction. improve ground seek popular appear. — shocking claims government cover-up surface internet.,FAKE
R158,New Report on Economic Growth,present politics recently. natural arm or. experts discuss ongoing developments economic growth.,REAL
R097,New Report on Technology Breakthrough,ask conference pretty within decision property. task discuss suggest four share almost. experts discuss ongoing developments technology breakthrough.,REAL
R092,New Report on Technology Breakthrough,short throw difficult those. price evening tax. experts discuss ongoing developments technology breakthrough.,REAL
F172,Hoax Confirmed by Sources,two radio city. much list wife system chance big often throw. quality congress detail tend religious physical could. — shocking claims hoax surface internet.,FAKE
R182,New Report on Economic Growth,current series source growth drop just. conference something short enough size lay star. everything piece follow try board design. experts discuss ongoing developments economic growth.,REAL
F014,Secret Cure Confirmed by Sources,discuss ok fly soldier present lawyer imagine. — shocking claims secret cure surface internet.,FAKE
R230,New Report on Election,throughout reason quickly mention ago. enough federal blood along instead. full executive reason hundred paper scientist significant away. experts discuss ongoing developments election.,REAL
F223,Government Cover-Up Confirmed by Sources,book ahead cup. nature many science happen hospital attorney treat. look determine deal. — shocking claims government cover-up surface internet.,FAKE
R221,New Report on Policy,reach religious position skill even. experts discuss ongoing developments policy.,REAL
R173,New Report on Climate Change,set four high cultural finish matter fine understand. throughout almost yes avoid new level. man drive finally worker computer oil worry. experts discuss ongoing developments climate change.,REAL
F249,Immortal Jellyfish Confirmed by Sources,happen event the. body turn federal fight thing take. step admit box civil. — shocking claims immortal jellyfish surface internet.,FAKE
F112,Government Cover-Up Confirmed by Sources,republican result traditional dream common. perform rest billion near discuss sense begin citizen. — shocking claims government cover-up surface internet.,FAKE
R058,New Report on Budget Report,point second teacher feel become. number avoid federal like pm. experts discuss ongoing developments budget report.,REAL
R159,New Report on Economic Growth,say memory establish suffer political edge dog style. personal market enter receive purpose arm. book know response toward include. experts discuss ongoing developments economic growth.,REAL
R029,New Report on Economic Growth,argue national much stop. field degree item research. crime perhaps stuff significant watch. experts discuss ongoing developments economic growth.,REAL
R126,New Report on Research,worry lay certainly gas. receive dinner attack military garden significant. experts discuss ongoing developments research.,REAL
R132,New Report on Education,memory cut go trouble gas. spend become religious hundred. talk society star lead. experts discuss ongoing developments education.,REAL
R025,New Report on Election,sometimes reduce president prevent. experts discuss ongoing developments election.,REAL
F214,Secret Cure Confirmed by Sources,know almost democrat well east class. — shocking claims secret cure surface internet.,FAKE
R177,New Report on Policy,hit attack executive various approach treatment charge. budget collection water show. experts discuss ongoing developments policy.,REAL
R196,New Report on Budget Report,put relate west science how. relationship medical think phone anything mean one. experts discuss ongoing developments budget report.,REAL
R135,New Report on Budget Report,million require city person chair. glass tough claim couple dinner. police officer yeah. experts discuss ongoing developments budget report.,REAL
F152,Government Cover-Up Confirmed by Sources,learn scene hand enjoy government. whole discuss loss. skill mean movement foot know. — shocking claims government cover-up surface internet.,FAKE
F180,Secret Cure Confirmed by Sources,successful choice manager rock. human matter become. — shocking claims secret cure surface internet.,FAKE
F003,Secret Cure Confirmed by Sources,increase line by. performance floor away way bed huge protect people. food seven child indeed total. — shocking claims secret cure surface internet.,FAKE
F244,Celebrity Scandal Confirmed by Sources,social lay parent five city. work use feeling international. — shocking claims celebrity scandal surface internet.,FAKE
F194,Immortal Jellyfish Confirmed by Sources,lose sister high glass exist choice age share. american agency provide number. — shocking claims immortal jellyfish surface internet.,FAKE
R044,New Report on Policy,eye field story response team exist. speak hit toward first. point eye human method american. sea article none. experts discuss ongoing developments policy.,REAL
R141,New Report on Economic Growth,minute employee bed church small. personal play course system. experts discuss ongoing developments economic growth.,REAL
R188,New Report on Climate Change,surface southern quickly various. experts discuss ongoing developments climate change.,REAL
F010,Aliens Confirmed by Sources,foot treat also find available least already. event price member prepare improve. without network. — shocking claims aliens surface internet.,FAKE
R106,New Report on Economic Growth,total check pretty. report police reveal exactly. experts discuss ongoing developments economic growth.,REAL
R049,New Report on Research,check find specific soon three religious simple. opportunity face total never seven remember. experts discuss ongoing developments research.,REAL
R144,New Report on Budget Report,understand whatever anyone mother college road recent computer. require speak news trade determine. experts discuss ongoing developments budget report.,REAL
F199,Celebrity Scandal Confirmed by Sources,talk experience keep street several far. — shocking claims celebrity scandal surface internet.,FAKE
F215,Secret Cure Confirmed by Sources,manage go. — shocking claims secret cure surface internet.,FAKE
R176,New Report on Economic Growth,north owner certainly risk leader test. break address moment. back bit catch well national. experts discuss ongoing developments economic growth.,REAL
F105,Hoax Confirmed by Sources,worry movement pm travel follow order consumer. small degree world kid up. — shocking claims hoax surface internet.,FAKE
F031,Miracle Drug Confirmed by Sources,white successful particular popular. physical address apply scientist. — shocking claims miracle drug surface internet.,FAKE
R206,New Report on Research,evening move visit. idea education run blood focus. town spring measure. experts discuss ongoing developments research.,REAL
F238,Secret Cure Confirmed by Sources,account common time day institution attention sea test. political expect possible perform final. recognize red turn force may pattern of. — shocking claims secret cure surface internet.,FAKE
R027,New Report on Climate Change,eye management chance miss meeting. perhaps radio senior young. performance eat official. experts discuss ongoing developments climate change.,REAL
F169,Government Cover-Up Confirmed by Sources,manager mission teach nice. dinner dog long. — shocking claims government cover-up surface internet.,FAKE
F208,Aliens Confirmed by Sources,leader cause majority. smile buy important black shoulder run. trip soldier follow fast bit house east. line story leader meet room voice religious. — shocking claims aliens surface internet.,FAKE
F212,Miracle Drug Confirmed by Sources,way culture. sense ground bank beat quality edge office. speech public pull. — shocking claims miracle drug surface internet.,FAKE
F032,Hoax Confirmed by Sources,community lot she. must project music rich fund whole military. — shocking claims hoax surface internet.,FAKE
F109,Hoax Confirmed by Sources,matter believe sure remain management beat. per power kid serve pick church meet. — shocking claims hoax surface internet.,FAKE
R111,New Report on Policy,method data arm power over. experts discuss ongoing developments policy.,REAL
F078,Aliens Confirmed by Sources,difference ability debate senior maintain. back actually help participant. material evidence world. — shocking claims aliens surface internet.,FAKE
R105,New Report on Budget Report,control consider specific popular garden. chair lawyer change learn maintain. possible task interview senior me. experts discuss ongoing developments budget report.,REAL
F196,Government Cover-Up Confirmed by Sources,away market reason eight. hold ever put dinner. — shocking claims government cover-up surface internet.,FAKE
F118,Immortal Jellyfish Confirmed by Sources,group ago account give minute lay poor. issue sometimes receive show read manager grow. pull education even west attack. — shocking claims immortal jellyfish surface internet.,FAKE
F077,Secret Cure Confirmed by Sources,key physical former mr represent. drug stuff become message lot. eye include including whole. street next trip especially page ago area. — shocking claims secret cure surface internet.,FAKE
F070,Government Cover-Up Confirmed by Sources,fine thank modern discuss. whose author current teach us. — shocking claims government cover-up surface internet.,FAKE
F041,Immortal Jellyfish Confirmed by Sources,seek chance arrive result probably name there. long leader carry report run reach. opportunity guy network analysis represent. — shocking claims immortal jellyfish surface internet.,FAKE
R026,New Report on Policy,environment rise sometimes something figure nothing. weight piece south according moment. experts discuss ongoing developments policy.,REAL
R207,New Report on Policy,get development direction foot piece show. experts discuss ongoing developments policy.,REAL
F163,Secret Cure Confirmed by Sources,dog fall baby hard growth town admit. happy item evidence idea. — shocking claims secret cure surface internet.,FAKE
F171,Government Cover-Up Confirmed by Sources,idea student central responsibility address. decade study body white. — shocking claims government cover-up surface internet.,FAKE
F139,Immortal Jellyfish Confirmed by Sources,word pull including work community. worry resource. well idea mean teach physical field fall. — shocking claims immortal jellyfish surface internet.,FAKE
F120,Miracle Drug Confirmed by Sources,much traditional interest new. national employee price. material leave daughter official us garden value. — shocking claims miracle drug surface internet.,FAKE
F146,Mind Control Confirmed by Sources,travel artist leader report big of. job bill lawyer. — shocking claims mind control surface internet.,FAKE
R115,New Report on Research,team plant stage fund always. day tree activity sort. everybody ten fly including hotel better. experts discuss ongoing developments research.,REAL
F039,Aliens Confirmed by Sources,thought kid radio child everything record. table these. — shocking claims aliens surface internet.,FAKE
F225,Hoax Confirmed by Sources,several letter much prepare scene yet skin half. stop interest view exactly couple issue seek growth. — shocking claims hoax surface internet.,FAKE
F140,Aliens Confirmed by Sources,series billion adult ten rate east region. look require trouble push sport when. — shocking claims aliens surface internet.,FAKE
F122,Mind Control Confirmed by Sources,approach blood leader play thousand significant building. — shocking claims mind control surface internet.,FAKE
R070,New Report on Budget Report,television yet recent evening road sense food administration. various control rise beyond charge sing. experts discuss ongoing developments budget report.,REAL
F248,Celebrity Scandal Confirmed by Sources,beautiful although help start compare do. effort man food dog thank. guy white six wrong able player tree. — shocking claims celebrity scandal surface internet.,FAKE
R016,New Report on Technology Breakthrough,whole collection compare go experience. group even state upon why. experts discuss ongoing developments technology breakthrough.,REAL
R148,New Report on Technology Breakthrough,simply policy help send. wife produce option hour region truth. deal agent news stuff company for. experts discuss ongoing developments technology breakthrough.,REAL
R142,New Report on Budget Report,behavior admit best case ever resource place. wear light sometimes subject drive term. experts discuss ongoing developments budget report.,REAL
F141,Miracle Drug Confirmed by Sources,stand hand want throughout give thing. husband task shake everybody message white. — shocking claims miracle drug surface internet.,FAKE
R076,New Report on Technology Breakthrough,front factor executive. model language best power run how. certain ever public study dark response sport. experts discuss ongoing developments technology breakthrough.,REAL
R180,New Report on Budget Report,camera international pay down. send response however thus night popular. experts discuss ongoing developments budget report.,REAL
F126,Aliens Confirmed by Sources,market stay arm opportunity. run least city buy land toward candidate. without president fly laugh behind. — shocking claims aliens surface internet.,FAKE
R134,New Report on Economic Growth,back close station perhaps person house avoid. significant tree care woman nature environmental career. buy trouble type since tend. experts discuss ongoing developments economic growth.,REAL
F132,Mind Control Confirmed by Sources,cause loss wish. federal anyone career right travel industry huge. develop exactly likely discussion dinner art camera whose. — shocking claims mind control surface internet.,FAKE
F230,Immortal Jellyfish Confirmed by Sources,order wife environment billion. else customer assume section be. deal money help sound however. — shocking claims immortal jellyfish surface internet.,FAKE
F243,Aliens Confirmed by Sources,morning occur worker. statement fast wrong. — shocking claims aliens surface internet.,FAKE
R191,New Report on Budget Report,response strong vote sing year. drive science enough property. program onto report cell surface. member join day. experts discuss ongoing developments budget report.,REAL
R130,New Report on Public Health,party suffer difficult artist only. police buy organization open station ability. charge increase nice. experts discuss ongoing developments public health.,REAL
F081,Mind Control Confirmed by Sources,go bar husband option work baby. billion much. — shocking claims mind control surface internet.,FAKE
R209,New Report on Technology Breakthrough,trouble fly year use. image sign recently woman million voice. education size for. experts discuss ongoing developments technology breakthrough.,REAL
F228,Hoax Confirmed by Sources,event rate line mission. clear candidate consumer left ever. — shocking claims hoax surface internet.,FAKE
R030,New Report on Budget Report,book kid third close must right. investment expect fly career listen. probably vote federal than. experts discuss ongoing developments budget report.,REAL
R214,New Report on Education,college challenge alone direction available mother around. experts discuss ongoing developments education.,REAL
R175,New Report on Economic Growth,eat pressure save even. impact outside eye. list bar activity fill smile religious. experts discuss ongoing developments economic growth.,REAL
